category,product_slug,product_title,dimension_key,dimension_label,value,value_label,status,notes
Affichage et grand format,affiches,Affiches,format,Format,,,needs-review,missing-values: Confirmer les valeurs autorisées pour ce produit. (Dimension issue de la source ; aucune valeur confirmée dans le CMS.)
Affichage et grand format,affiches,Affiches,papier,Papier,,,needs-review,ambiguous-dimension: Confirmer la signification de cette dimension puis ses valeurs autorisées. (Peut désigner le support (dimension « Support ») ou un papier intérieur : à confirmer.)
Affichage et grand format,affiches,Affiches,interieur-exterieur,Intérieur/extérieur,,,needs-review,ambiguous-dimension: Confirmer la signification de cette dimension puis ses valeurs autorisées. (Le terme regroupe plusieurs notions : à scinder ou confirmer.)
Affichage et grand format,affiches,Affiches,duree,Durée,,,needs-review,missing-values: Confirmer les valeurs autorisées pour ce produit. (Dimension issue de la source ; aucune valeur confirmée dans le CMS.)
Affichage et grand format,affiches,Affiches,fixation,Fixation,,,needs-review,missing-values: Confirmer les valeurs autorisées pour ce produit. (Dimension issue de la source ; aucune valeur confirmée dans le CMS.)
Affichage et grand format,baches,Bâches,dimensions,Dimensions,,,needs-review,missing-values: Confirmer si le client peut saisir cette dimension pour ce produit (saisie libre autorisée). (Dimension issue de la source ; aucune valeur confirmée dans le CMS.)
Affichage et grand format,baches,Bâches,matiere,Matière,,,needs-review,ambiguous-dimension: Confirmer la signification de cette dimension puis ses valeurs autorisées. (Recoupe « Support » sans être garantie équivalente : à confirmer.)
Affichage et grand format,baches,Bâches,oeillets,Œillets,,,needs-review,missing-values: Confirmer les valeurs autorisées pour ce produit. (Dimension issue de la source ; aucune valeur confirmée dans le CMS.)
Affichage et grand format,baches,Bâches,ourlets,Ourlets,,,needs-review,missing-values: Confirmer les valeurs autorisées pour ce produit. (Dimension issue de la source ; aucune valeur confirmée dans le CMS.)
Affichage et grand format,baches,Bâches,tension,Tension,,,needs-review,missing-values: Confirmer les valeurs autorisées pour ce produit. (Dimension issue de la source ; aucune valeur confirmée dans le CMS.)
Affichage et grand format,baches,Bâches,environnement,Environnement,,,needs-review,missing-values: Confirmer les valeurs autorisées pour ce produit. (Dimension issue de la source ; aucune valeur confirmée dans le CMS.)
Affichage et grand format,banderoles,Banderoles,dimensions,Dimensions,,,needs-review,missing-values: Confirmer si le client peut saisir cette dimension pour ce produit (saisie libre autorisée). (Dimension issue de la source ; aucune valeur confirmée dans le CMS.)
Affichage et grand format,banderoles,Banderoles,matiere,Matière,,,needs-review,ambiguous-dimension: Confirmer la signification de cette dimension puis ses valeurs autorisées. (Recoupe « Support » sans être garantie équivalente : à confirmer.)
Affichage et grand format,banderoles,Banderoles,fixation,Fixation,,,needs-review,missing-values: Confirmer les valeurs autorisées pour ce produit. (Dimension issue de la source ; aucune valeur confirmée dans le CMS.)
Affichage et grand format,banderoles,Banderoles,vent,Vent,,,needs-review,missing-values: Confirmer les valeurs autorisées pour ce produit. (Dimension issue de la source ; aucune valeur confirmée dans le CMS.)
Affichage et grand format,banderoles,Banderoles,distance-de-lecture,Distance de lecture,,,needs-review,missing-values: Confirmer les valeurs autorisées pour ce produit. (Dimension issue de la source ; aucune valeur confirmée dans le CMS.)
Affichage et grand format,habillage-de-vehicules,Habillage de véhicules,modele-du-vehicule,Modèle du véhicule,,,needs-review,missing-values: Confirmer les valeurs autorisées pour ce produit. (Dimension issue de la source ; aucune valeur confirmée dans le CMS.)
Affichage et grand format,habillage-de-vehicules,Habillage de véhicules,couverture,Couverture,,,needs-review,missing-values: Confirmer les valeurs autorisées pour ce produit. (Dimension issue de la source ; aucune valeur confirmée dans le CMS.)
Affichage et grand format,habillage-de-vehicules,Habillage de véhicules,vinyle,Vinyle,,,needs-review,missing-values: Confirmer les valeurs autorisées pour ce produit. (Dimension issue de la source ; aucune valeur confirmée dans le CMS.)
Affichage et grand format,habillage-de-vehicules,Habillage de véhicules,decoupe,Découpe,,,needs-review,missing-values: Confirmer les valeurs autorisées pour ce produit. (Dimension issue de la source ; aucune valeur confirmée dans le CMS.)
Affichage et grand format,habillage-de-vehicules,Habillage de véhicules,pose,Pose,,,needs-review,missing-values: Confirmer les valeurs autorisées pour ce produit. (Dimension issue de la source ; aucune valeur confirmée dans le CMS.)
Affichage et grand format,habillage-de-vehicules,Habillage de véhicules,retrait,Retrait,,,needs-review,missing-values: Confirmer les valeurs autorisées pour ce produit. (Dimension issue de la source ; aucune valeur confirmée dans le CMS.)
Affichage et grand format,habillage-de-vitrines,Habillage de vitrines,mesures,Mesures,,,needs-review,ambiguous-dimension: Confirmer la signification de cette dimension puis ses valeurs autorisées. (Recoupe « Dimensions » sans être garantie équivalente : à confirmer.)
Affichage et grand format,habillage-de-vitrines,Habillage de vitrines,visibilite,Visibilité,,,needs-review,missing-values: Confirmer les valeurs autorisées pour ce produit. (Dimension issue de la source ; aucune valeur confirmée dans le CMS.)
Affichage et grand format,habillage-de-vitrines,Habillage de vitrines,microperfore,Microperforé,,,needs-review,missing-values: Confirmer les valeurs autorisées pour ce produit. (Dimension issue de la source ; aucune valeur confirmée dans le CMS.)
Affichage et grand format,habillage-de-vitrines,Habillage de vitrines,depoli,Dépoli,,,needs-review,missing-values: Confirmer les valeurs autorisées pour ce produit. (Dimension issue de la source ; aucune valeur confirmée dans le CMS.)
Affichage et grand format,habillage-de-vitrines,Habillage de vitrines,transparent,Transparent,,,needs-review,missing-values: Confirmer les valeurs autorisées pour ce produit. (Dimension issue de la source ; aucune valeur confirmée dans le CMS.)
Affichage et grand format,habillage-de-vitrines,Habillage de vitrines,pose,Pose,,,needs-review,missing-values: Confirmer les valeurs autorisées pour ce produit. (Dimension issue de la source ; aucune valeur confirmée dans le CMS.)
Affichage et grand format,habillage-mural,Habillage mural,dimensions,Dimensions,,,needs-review,missing-values: Confirmer si le client peut saisir cette dimension pour ce produit (saisie libre autorisée). (Dimension issue de la source ; aucune valeur confirmée dans le CMS.)
Affichage et grand format,habillage-mural,Habillage mural,etat-du-mur,État du mur,,,needs-review,missing-values: Confirmer les valeurs autorisées pour ce produit. (Dimension issue de la source ; aucune valeur confirmée dans le CMS.)
Affichage et grand format,habillage-mural,Habillage mural,matiere,Matière,,,needs-review,ambiguous-dimension: Confirmer la signification de cette dimension puis ses valeurs autorisées. (Recoupe « Support » sans être garantie équivalente : à confirmer.)
Affichage et grand format,habillage-mural,Habillage mural,raccords,Raccords,,,needs-review,missing-values: Confirmer les valeurs autorisées pour ce produit. (Dimension issue de la source ; aucune valeur confirmée dans le CMS.)
Affichage et grand format,habillage-mural,Habillage mural,pose,Pose,,,needs-review,missing-values: Confirmer les valeurs autorisées pour ce produit. (Dimension issue de la source ; aucune valeur confirmée dans le CMS.)
Affichage et grand format,habillage-mural,Habillage mural,duree,Durée,,,needs-review,missing-values: Confirmer les valeurs autorisées pour ce produit. (Dimension issue de la source ; aucune valeur confirmée dans le CMS.)
Affichage et grand format,impression-evenementielle,Impression événementielle,plan-du-site,Plan du site,,,needs-review,missing-values: Confirmer les valeurs autorisées pour ce produit. (Dimension issue de la source ; aucune valeur confirmée dans le CMS.)
Affichage et grand format,impression-evenementielle,Impression événementielle,format,Format,,,needs-review,missing-values: Confirmer les valeurs autorisées pour ce produit. (Dimension issue de la source ; aucune valeur confirmée dans le CMS.)
Affichage et grand format,impression-evenementielle,Impression événementielle,material,Support,,,needs-review,missing-values: Confirmer les valeurs autorisées pour ce produit. (Dimension issue de la source ; aucune valeur confirmée dans le CMS.)
Affichage et grand format,impression-evenementielle,Impression événementielle,montage,Montage,,,needs-review,missing-values: Confirmer les valeurs autorisées pour ce produit. (Dimension issue de la source ; aucune valeur confirmée dans le CMS.)
Affichage et grand format,impression-evenementielle,Impression événementielle,delais,Délais,,,needs-review,missing-values: Confirmer les valeurs autorisées pour ce produit. (Dimension issue de la source ; aucune valeur confirmée dans le CMS.)
Affichage et grand format,impression-evenementielle,Impression événementielle,reutilisation,Réutilisation,,,needs-review,missing-values: Confirmer les valeurs autorisées pour ce produit. (Dimension issue de la source ; aucune valeur confirmée dans le CMS.)
Affichage et grand format,panneaux-publicitaires,Panneaux publicitaires,dimensions,Dimensions,,,needs-review,missing-values: Confirmer si le client peut saisir cette dimension pour ce produit (saisie libre autorisée). (Dimension issue de la source ; aucune valeur confirmée dans le CMS.)
Affichage et grand format,panneaux-publicitaires,Panneaux publicitaires,matiere,Matière,,,needs-review,ambiguous-dimension: Confirmer la signification de cette dimension puis ses valeurs autorisées. (Recoupe « Support » sans être garantie équivalente : à confirmer.)
Affichage et grand format,panneaux-publicitaires,Panneaux publicitaires,fixation,Fixation,,,needs-review,missing-values: Confirmer les valeurs autorisées pour ce produit. (Dimension issue de la source ; aucune valeur confirmée dans le CMS.)
Affichage et grand format,panneaux-publicitaires,Panneaux publicitaires,duree,Durée,,,needs-review,missing-values: Confirmer les valeurs autorisées pour ce produit. (Dimension issue de la source ; aucune valeur confirmée dans le CMS.)
Affichage et grand format,panneaux-publicitaires,Panneaux publicitaires,exposition,Exposition,,,needs-review,missing-values: Confirmer les valeurs autorisées pour ce produit. (Dimension issue de la source ; aucune valeur confirmée dans le CMS.)
Affichage et grand format,posters,Posters,dimensions,Dimensions,,,needs-review,missing-values: Confirmer si le client peut saisir cette dimension pour ce produit (saisie libre autorisée). (Dimension issue de la source ; aucune valeur confirmée dans le CMS.)
Affichage et grand format,posters,Posters,papier,Papier,,,needs-review,ambiguous-dimension: Confirmer la signification de cette dimension puis ses valeurs autorisées. (Peut désigner le support (dimension « Support ») ou un papier intérieur : à confirmer.)
Affichage et grand format,posters,Posters,rendu,Rendu,,,needs-review,missing-values: Confirmer les valeurs autorisées pour ce produit. (Dimension issue de la source ; aucune valeur confirmée dans le CMS.)
Affichage et grand format,posters,Posters,marge,Marge,,,needs-review,missing-values: Confirmer les valeurs autorisées pour ce produit. (Dimension issue de la source ; aucune valeur confirmée dans le CMS.)
Affichage et grand format,posters,Posters,encadrement,Encadrement,,,needs-review,missing-values: Confirmer les valeurs autorisées pour ce produit. (Dimension issue de la source ; aucune valeur confirmée dans le CMS.)
Affichage et grand format,vinyles-adhesifs,Vinyles adhésifs,surface,Surface,,,needs-review,ambiguous-dimension: Confirmer la signification de cette dimension puis ses valeurs autorisées. (Recoupe « Dimensions » ou « Support » : à confirmer.)
Affichage et grand format,vinyles-adhesifs,Vinyles adhésifs,adhesif,Adhésif,,,needs-review,missing-values: Confirmer les valeurs autorisées pour ce produit. (Dimension issue de la source ; aucune valeur confirmée dans le CMS.)
Affichage et grand format,vinyles-adhesifs,Vinyles adhésifs,finish,Finition,,,needs-review,missing-values: Confirmer les valeurs autorisées pour ce produit. (Dimension issue de la source ; aucune valeur confirmée dans le CMS.)
Affichage et grand format,vinyles-adhesifs,Vinyles adhésifs,pose,Pose,,,needs-review,missing-values: Confirmer les valeurs autorisées pour ce produit. (Dimension issue de la source ; aucune valeur confirmée dans le CMS.)
Affichage et grand format,vinyles-adhesifs,Vinyles adhésifs,retrait,Retrait,,,needs-review,missing-values: Confirmer les valeurs autorisées pour ce produit. (Dimension issue de la source ; aucune valeur confirmée dans le CMS.)
Affichage et grand format,vinyles-adhesifs,Vinyles adhésifs,duree,Durée,,,needs-review,missing-values: Confirmer les valeurs autorisées pour ce produit. (Dimension issue de la source ; aucune valeur confirmée dans le CMS.)
Édition et documents,documents-de-formation,Documents de formation,format,Format,,,needs-review,missing-values: Confirmer les valeurs autorisées pour ce produit. (Dimension issue de la source ; aucune valeur confirmée dans le CMS.)
Édition et documents,documents-de-formation,Documents de formation,page-count,Nombre de pages,,,needs-review,missing-values: Confirmer les valeurs autorisées pour ce produit. (Dimension issue de la source ; aucune valeur confirmée dans le CMS.)
Édition et documents,documents-de-formation,Documents de formation,zones-de-notes,Zones de notes,,,needs-review,missing-values: Confirmer les valeurs autorisées pour ce produit. (Dimension issue de la source ; aucune valeur confirmée dans le CMS.)
Édition et documents,documents-de-formation,Documents de formation,reliure,Reliure,,,needs-review,missing-values: Confirmer les valeurs autorisées pour ce produit. (Dimension issue de la source ; aucune valeur confirmée dans le CMS.)
Édition et documents,documents-de-formation,Documents de formation,intercalaires,Intercalaires,,,needs-review,missing-values: Confirmer les valeurs autorisées pour ce produit. (Dimension issue de la source ; aucune valeur confirmée dans le CMS.)
Édition et documents,guides,Guides,format,Format,,,needs-review,missing-values: Confirmer les valeurs autorisées pour ce produit. (Dimension issue de la source ; aucune valeur confirmée dans le CMS.)
Édition et documents,guides,Guides,chapitres,Chapitres,,,needs-review,missing-values: Confirmer les valeurs autorisées pour ce produit. (Dimension issue de la source ; aucune valeur confirmée dans le CMS.)
Édition et documents,guides,Guides,pictogrammes,Pictogrammes,,,needs-review,missing-values: Confirmer les valeurs autorisées pour ce produit. (Dimension issue de la source ; aucune valeur confirmée dans le CMS.)
Édition et documents,guides,Guides,papier,Papier,,,needs-review,ambiguous-dimension: Confirmer la signification de cette dimension puis ses valeurs autorisées. (Peut désigner le support (dimension « Support ») ou un papier intérieur : à confirmer.)
Édition et documents,guides,Guides,reliure,Reliure,,,needs-review,missing-values: Confirmer les valeurs autorisées pour ce produit. (Dimension issue de la source ; aucune valeur confirmée dans le CMS.)
Édition et documents,guides,Guides,poche-eventuelle,Poche éventuelle,,,needs-review,missing-values: Confirmer les valeurs autorisées pour ce produit. (Dimension issue de la source ; aucune valeur confirmée dans le CMS.)
Édition et documents,journaux,Journaux,format,Format,,,needs-review,missing-values: Confirmer les valeurs autorisées pour ce produit. (Dimension issue de la source ; aucune valeur confirmée dans le CMS.)
Édition et documents,journaux,Journaux,page-count,Nombre de pages,,,needs-review,missing-values: Confirmer les valeurs autorisées pour ce produit. (Dimension issue de la source ; aucune valeur confirmée dans le CMS.)
Édition et documents,journaux,Journaux,papier,Papier,,,needs-review,ambiguous-dimension: Confirmer la signification de cette dimension puis ses valeurs autorisées. (Peut désigner le support (dimension « Support ») ou un papier intérieur : à confirmer.)
Édition et documents,journaux,Journaux,pliage,Pliage,,,needs-review,missing-values: Confirmer les valeurs autorisées pour ce produit. (Dimension issue de la source ; aucune valeur confirmée dans le CMS.)
Édition et documents,journaux,Journaux,periodicite,Périodicité,,,needs-review,missing-values: Confirmer les valeurs autorisées pour ce produit. (Dimension issue de la source ; aucune valeur confirmée dans le CMS.)
Édition et documents,livres,Livres,format,Format,,,needs-review,missing-values: Confirmer les valeurs autorisées pour ce produit. (Dimension issue de la source ; aucune valeur confirmée dans le CMS.)
Édition et documents,livres,Livres,page-count,Nombre de pages,,,needs-review,missing-values: Confirmer les valeurs autorisées pour ce produit. (Dimension issue de la source ; aucune valeur confirmée dans le CMS.)
Édition et documents,livres,Livres,papier,Papier,,,needs-review,ambiguous-dimension: Confirmer la signification de cette dimension puis ses valeurs autorisées. (Peut désigner le support (dimension « Support ») ou un papier intérieur : à confirmer.)
Édition et documents,livres,Livres,couverture,Couverture,,,needs-review,missing-values: Confirmer les valeurs autorisées pour ce produit. (Dimension issue de la source ; aucune valeur confirmée dans le CMS.)
Édition et documents,livres,Livres,reliure,Reliure,,,needs-review,missing-values: Confirmer les valeurs autorisées pour ce produit. (Dimension issue de la source ; aucune valeur confirmée dans le CMS.)
Édition et documents,livres,Livres,tirage,Tirage,,,needs-review,missing-values: Confirmer les valeurs autorisées pour ce produit. (Dimension issue de la source ; aucune valeur confirmée dans le CMS.)
Édition et documents,livrets,Livrets,format,Format,,,needs-review,missing-values: Confirmer les valeurs autorisées pour ce produit. (Dimension issue de la source ; aucune valeur confirmée dans le CMS.)
Édition et documents,livrets,Livrets,page-count,Nombre de pages,,,needs-review,missing-values: Confirmer les valeurs autorisées pour ce produit. (Dimension issue de la source ; aucune valeur confirmée dans le CMS.)
Édition et documents,livrets,Livrets,papier,Papier,,,needs-review,ambiguous-dimension: Confirmer la signification de cette dimension puis ses valeurs autorisées. (Peut désigner le support (dimension « Support ») ou un papier intérieur : à confirmer.)
Édition et documents,livrets,Livrets,agrafage,Agrafage,,,needs-review,missing-values: Confirmer les valeurs autorisées pour ce produit. (Dimension issue de la source ; aucune valeur confirmée dans le CMS.)
Édition et documents,livrets,Livrets,couverture,Couverture,,,needs-review,missing-values: Confirmer les valeurs autorisées pour ce produit. (Dimension issue de la source ; aucune valeur confirmée dans le CMS.)
Édition et documents,magazines,Magazines,format,Format,,,needs-review,missing-values: Confirmer les valeurs autorisées pour ce produit. (Dimension issue de la source ; aucune valeur confirmée dans le CMS.)
Édition et documents,magazines,Magazines,periodicite,Périodicité,,,needs-review,missing-values: Confirmer les valeurs autorisées pour ce produit. (Dimension issue de la source ; aucune valeur confirmée dans le CMS.)
Édition et documents,magazines,Magazines,page-count,Nombre de pages,,,needs-review,missing-values: Confirmer les valeurs autorisées pour ce produit. (Dimension issue de la source ; aucune valeur confirmée dans le CMS.)
Édition et documents,magazines,Magazines,papier,Papier,,,needs-review,ambiguous-dimension: Confirmer la signification de cette dimension puis ses valeurs autorisées. (Peut désigner le support (dimension « Support ») ou un papier intérieur : à confirmer.)
Édition et documents,magazines,Magazines,couverture,Couverture,,,needs-review,missing-values: Confirmer les valeurs autorisées pour ce produit. (Dimension issue de la source ; aucune valeur confirmée dans le CMS.)
Édition et documents,magazines,Magazines,reliure,Reliure,,,needs-review,missing-values: Confirmer les valeurs autorisées pour ce produit. (Dimension issue de la source ; aucune valeur confirmée dans le CMS.)
Édition et documents,manuels,Manuels,format,Format,,,needs-review,missing-values: Confirmer les valeurs autorisées pour ce produit. (Dimension issue de la source ; aucune valeur confirmée dans le CMS.)
Édition et documents,manuels,Manuels,page-count,Nombre de pages,,,needs-review,missing-values: Confirmer les valeurs autorisées pour ce produit. (Dimension issue de la source ; aucune valeur confirmée dans le CMS.)
Édition et documents,manuels,Manuels,index,Index,,,needs-review,missing-values: Confirmer les valeurs autorisées pour ce produit. (Dimension issue de la source ; aucune valeur confirmée dans le CMS.)
Édition et documents,manuels,Manuels,onglets,Onglets,,,needs-review,missing-values: Confirmer les valeurs autorisées pour ce produit. (Dimension issue de la source ; aucune valeur confirmée dans le CMS.)
Édition et documents,manuels,Manuels,reliure,Reliure,,,needs-review,missing-values: Confirmer les valeurs autorisées pour ce produit. (Dimension issue de la source ; aucune valeur confirmée dans le CMS.)
Édition et documents,manuels,Manuels,resistance,Résistance,,,needs-review,missing-values: Confirmer les valeurs autorisées pour ce produit. (Dimension issue de la source ; aucune valeur confirmée dans le CMS.)
Édition et documents,rapports-annuels,Rapports annuels,format,Format,,,needs-review,missing-values: Confirmer les valeurs autorisées pour ce produit. (Dimension issue de la source ; aucune valeur confirmée dans le CMS.)
Édition et documents,rapports-annuels,Rapports annuels,page-count,Nombre de pages,,,needs-review,missing-values: Confirmer les valeurs autorisées pour ce produit. (Dimension issue de la source ; aucune valeur confirmée dans le CMS.)
Édition et documents,rapports-annuels,Rapports annuels,graphiques,Graphiques,,,needs-review,missing-values: Confirmer les valeurs autorisées pour ce produit. (Dimension issue de la source ; aucune valeur confirmée dans le CMS.)
Édition et documents,rapports-annuels,Rapports annuels,papier,Papier,,,needs-review,ambiguous-dimension: Confirmer la signification de cette dimension puis ses valeurs autorisées. (Peut désigner le support (dimension « Support ») ou un papier intérieur : à confirmer.)
Édition et documents,rapports-annuels,Rapports annuels,reliure,Reliure,,,needs-review,missing-values: Confirmer les valeurs autorisées pour ce produit. (Dimension issue de la source ; aucune valeur confirmée dans le CMS.)
Édition et documents,rapports-annuels,Rapports annuels,version-linguistique,Version linguistique,,,needs-review,missing-values: Confirmer les valeurs autorisées pour ce produit. (Dimension issue de la source ; aucune valeur confirmée dans le CMS.)
Édition et documents,rapports-institutionnels,Rapports institutionnels,format,Format,,,needs-review,missing-values: Confirmer les valeurs autorisées pour ce produit. (Dimension issue de la source ; aucune valeur confirmée dans le CMS.)
Édition et documents,rapports-institutionnels,Rapports institutionnels,volume,Volume,,,needs-review,missing-values: Confirmer les valeurs autorisées pour ce produit. (Dimension issue de la source ; aucune valeur confirmée dans le CMS.)
Édition et documents,rapports-institutionnels,Rapports institutionnels,tableaux,Tableaux,,,needs-review,missing-values: Confirmer les valeurs autorisées pour ce produit. (Dimension issue de la source ; aucune valeur confirmée dans le CMS.)
Édition et documents,rapports-institutionnels,Rapports institutionnels,annexes,Annexes,,,needs-review,missing-values: Confirmer les valeurs autorisées pour ce produit. (Dimension issue de la source ; aucune valeur confirmée dans le CMS.)
Édition et documents,rapports-institutionnels,Rapports institutionnels,couverture,Couverture,,,needs-review,missing-values: Confirmer les valeurs autorisées pour ce produit. (Dimension issue de la source ; aucune valeur confirmée dans le CMS.)
Édition et documents,rapports-institutionnels,Rapports institutionnels,reliure,Reliure,,,needs-review,missing-values: Confirmer les valeurs autorisées pour ce produit. (Dimension issue de la source ; aucune valeur confirmée dans le CMS.)
Édition et documents,theses-et-memoires,Thèses et mémoires,format,Format,,,needs-review,missing-values: Confirmer les valeurs autorisées pour ce produit. (Dimension issue de la source ; aucune valeur confirmée dans le CMS.)
Édition et documents,theses-et-memoires,Thèses et mémoires,page-count,Nombre de pages,,,needs-review,missing-values: Confirmer les valeurs autorisées pour ce produit. (Dimension issue de la source ; aucune valeur confirmée dans le CMS.)
Édition et documents,theses-et-memoires,Thèses et mémoires,couleur,Couleur,,,needs-review,ambiguous-dimension: Confirmer la signification de cette dimension puis ses valeurs autorisées. (Peut désigner le mode colorimétrique ou les couleurs d’un produit : à confirmer.)
Édition et documents,theses-et-memoires,Thèses et mémoires,papier,Papier,,,needs-review,ambiguous-dimension: Confirmer la signification de cette dimension puis ses valeurs autorisées. (Peut désigner le support (dimension « Support ») ou un papier intérieur : à confirmer.)
Édition et documents,theses-et-memoires,Thèses et mémoires,couverture,Couverture,,,needs-review,missing-values: Confirmer les valeurs autorisées pour ce produit. (Dimension issue de la source ; aucune valeur confirmée dans le CMS.)
Édition et documents,theses-et-memoires,Thèses et mémoires,reliure,Reliure,,,needs-review,missing-values: Confirmer les valeurs autorisées pour ce produit. (Dimension issue de la source ; aucune valeur confirmée dans le CMS.)
Étiquettes et stickers,etiquettes-alimentaires,Étiquettes alimentaires,material,Support,,,needs-review,missing-values: Confirmer les valeurs autorisées pour ce produit. (Dimension issue de la source ; aucune valeur confirmée dans le CMS.)
Étiquettes et stickers,etiquettes-alimentaires,Étiquettes alimentaires,adhesif,Adhésif,,,needs-review,missing-values: Confirmer les valeurs autorisées pour ce produit. (Dimension issue de la source ; aucune valeur confirmée dans le CMS.)
Étiquettes et stickers,etiquettes-alimentaires,Étiquettes alimentaires,humidite,Humidité,,,needs-review,missing-values: Confirmer les valeurs autorisées pour ce produit. (Dimension issue de la source ; aucune valeur confirmée dans le CMS.)
Étiquettes et stickers,etiquettes-alimentaires,Étiquettes alimentaires,froid,Froid,,,needs-review,missing-values: Confirmer les valeurs autorisées pour ce produit. (Dimension issue de la source ; aucune valeur confirmée dans le CMS.)
Étiquettes et stickers,etiquettes-alimentaires,Étiquettes alimentaires,informations,Informations,,,needs-review,missing-values: Confirmer les valeurs autorisées pour ce produit. (Dimension issue de la source ; aucune valeur confirmée dans le CMS.)
Étiquettes et stickers,etiquettes-alimentaires,Étiquettes alimentaires,conformite,Conformité,,,needs-review,missing-values: Confirmer les valeurs autorisées pour ce produit. (Dimension issue de la source ; aucune valeur confirmée dans le CMS.)
Étiquettes et stickers,etiquettes-cosmetiques,Étiquettes cosmétiques,dimensions,Dimensions,,,needs-review,missing-values: Confirmer si le client peut saisir cette dimension pour ce produit (saisie libre autorisée). (Dimension issue de la source ; aucune valeur confirmée dans le CMS.)
Étiquettes et stickers,etiquettes-cosmetiques,Étiquettes cosmétiques,courbure,Courbure,,,needs-review,missing-values: Confirmer les valeurs autorisées pour ce produit. (Dimension issue de la source ; aucune valeur confirmée dans le CMS.)
Étiquettes et stickers,etiquettes-cosmetiques,Étiquettes cosmétiques,material,Support,,,needs-review,missing-values: Confirmer les valeurs autorisées pour ce produit. (Dimension issue de la source ; aucune valeur confirmée dans le CMS.)
Étiquettes et stickers,etiquettes-cosmetiques,Étiquettes cosmétiques,adhesif,Adhésif,,,needs-review,missing-values: Confirmer les valeurs autorisées pour ce produit. (Dimension issue de la source ; aucune valeur confirmée dans le CMS.)
Étiquettes et stickers,etiquettes-cosmetiques,Étiquettes cosmétiques,resistance,Résistance,,,needs-review,missing-values: Confirmer les valeurs autorisées pour ce produit. (Dimension issue de la source ; aucune valeur confirmée dans le CMS.)
Étiquettes et stickers,etiquettes-cosmetiques,Étiquettes cosmétiques,finish,Finition,,,needs-review,missing-values: Confirmer les valeurs autorisées pour ce produit. (Dimension issue de la source ; aucune valeur confirmée dans le CMS.)
Étiquettes et stickers,etiquettes-de-securite,Étiquettes de sécurité,matiere,Matière,,,needs-review,ambiguous-dimension: Confirmer la signification de cette dimension puis ses valeurs autorisées. (Recoupe « Support » sans être garantie équivalente : à confirmer.)
Étiquettes et stickers,etiquettes-de-securite,Étiquettes de sécurité,adhesif,Adhésif,,,needs-review,missing-values: Confirmer les valeurs autorisées pour ce produit. (Dimension issue de la source ; aucune valeur confirmée dans le CMS.)
Étiquettes et stickers,etiquettes-de-securite,Étiquettes de sécurité,destructibilite,Destructibilité,,,needs-review,missing-values: Confirmer les valeurs autorisées pour ce produit. (Dimension issue de la source ; aucune valeur confirmée dans le CMS.)
Étiquettes et stickers,etiquettes-de-securite,Étiquettes de sécurité,message,Message,,,needs-review,missing-values: Confirmer les valeurs autorisées pour ce produit. (Dimension issue de la source ; aucune valeur confirmée dans le CMS.)
Étiquettes et stickers,etiquettes-de-securite,Étiquettes de sécurité,numerotation,Numérotation,,,needs-review,missing-values: Confirmer les valeurs autorisées pour ce produit. (Dimension issue de la source ; aucune valeur confirmée dans le CMS.)
Étiquettes et stickers,etiquettes-de-securite,Étiquettes de sécurité,tracabilite,Traçabilité,,,needs-review,missing-values: Confirmer les valeurs autorisées pour ce produit. (Dimension issue de la source ; aucune valeur confirmée dans le CMS.)
Étiquettes et stickers,etiquettes-en-planche,Étiquettes en planche,format-de-planche,Format de planche,,,needs-review,missing-values: Confirmer les valeurs autorisées pour ce produit. (Dimension issue de la source ; aucune valeur confirmée dans le CMS.)
Étiquettes et stickers,etiquettes-en-planche,Étiquettes en planche,forme,Forme,,,needs-review,missing-values: Confirmer les valeurs autorisées pour ce produit. (Dimension issue de la source ; aucune valeur confirmée dans le CMS.)
Étiquettes et stickers,etiquettes-en-planche,Étiquettes en planche,quantite-par-planche,Quantité par planche,,,needs-review,missing-values: Confirmer les valeurs autorisées pour ce produit. (Dimension issue de la source ; aucune valeur confirmée dans le CMS.)
Étiquettes et stickers,etiquettes-en-planche,Étiquettes en planche,material,Support,,,needs-review,missing-values: Confirmer les valeurs autorisées pour ce produit. (Dimension issue de la source ; aucune valeur confirmée dans le CMS.)
Étiquettes et stickers,etiquettes-en-planche,Étiquettes en planche,decoupe,Découpe,,,needs-review,missing-values: Confirmer les valeurs autorisées pour ce produit. (Dimension issue de la source ; aucune valeur confirmée dans le CMS.)
Étiquettes et stickers,etiquettes-en-rouleau,Étiquettes en rouleau,laize,Laize,,,needs-review,missing-values: Confirmer les valeurs autorisées pour ce produit. (Dimension issue de la source ; aucune valeur confirmée dans le CMS.)
Étiquettes et stickers,etiquettes-en-rouleau,Étiquettes en rouleau,mandrin,Mandrin,,,needs-review,missing-values: Confirmer les valeurs autorisées pour ce produit. (Dimension issue de la source ; aucune valeur confirmée dans le CMS.)
Étiquettes et stickers,etiquettes-en-rouleau,Étiquettes en rouleau,sens-d-enroulement,Sens d’enroulement,,,needs-review,missing-values: Confirmer les valeurs autorisées pour ce produit. (Dimension issue de la source ; aucune valeur confirmée dans le CMS.)
Étiquettes et stickers,etiquettes-en-rouleau,Étiquettes en rouleau,forme,Forme,,,needs-review,missing-values: Confirmer les valeurs autorisées pour ce produit. (Dimension issue de la source ; aucune valeur confirmée dans le CMS.)
Étiquettes et stickers,etiquettes-en-rouleau,Étiquettes en rouleau,espacement,Espacement,,,needs-review,missing-values: Confirmer les valeurs autorisées pour ce produit. (Dimension issue de la source ; aucune valeur confirmée dans le CMS.)
Étiquettes et stickers,etiquettes-en-rouleau,Étiquettes en rouleau,quantity,Quantité,,,needs-review,missing-values: Confirmer les valeurs autorisées pour ce produit. (Dimension issue de la source ; aucune valeur confirmée dans le CMS.)
Étiquettes et stickers,etiquettes-pharmaceutiques,Étiquettes pharmaceutiques,material,Support,,,needs-review,missing-values: Confirmer les valeurs autorisées pour ce produit. (Dimension issue de la source ; aucune valeur confirmée dans le CMS.)
Étiquettes et stickers,etiquettes-pharmaceutiques,Étiquettes pharmaceutiques,adhesif,Adhésif,,,needs-review,missing-values: Confirmer les valeurs autorisées pour ce produit. (Dimension issue de la source ; aucune valeur confirmée dans le CMS.)
Étiquettes et stickers,etiquettes-pharmaceutiques,Étiquettes pharmaceutiques,codification,Codification,,,needs-review,missing-values: Confirmer les valeurs autorisées pour ce produit. (Dimension issue de la source ; aucune valeur confirmée dans le CMS.)
Étiquettes et stickers,etiquettes-pharmaceutiques,Étiquettes pharmaceutiques,variables,Variables,,,needs-review,missing-values: Confirmer les valeurs autorisées pour ce produit. (Dimension issue de la source ; aucune valeur confirmée dans le CMS.)
Étiquettes et stickers,etiquettes-pharmaceutiques,Étiquettes pharmaceutiques,securite,Sécurité,,,needs-review,missing-values: Confirmer les valeurs autorisées pour ce produit. (Dimension issue de la source ; aucune valeur confirmée dans le CMS.)
Étiquettes et stickers,etiquettes-pharmaceutiques,Étiquettes pharmaceutiques,conformite,Conformité,,,needs-review,missing-values: Confirmer les valeurs autorisées pour ce produit. (Dimension issue de la source ; aucune valeur confirmée dans le CMS.)
Étiquettes et stickers,etiquettes-produits,Étiquettes produits,forme,Forme,,,needs-review,missing-values: Confirmer les valeurs autorisées pour ce produit. (Dimension issue de la source ; aucune valeur confirmée dans le CMS.)
Étiquettes et stickers,etiquettes-produits,Étiquettes produits,dimensions,Dimensions,,,needs-review,missing-values: Confirmer si le client peut saisir cette dimension pour ce produit (saisie libre autorisée). (Dimension issue de la source ; aucune valeur confirmée dans le CMS.)
Étiquettes et stickers,etiquettes-produits,Étiquettes produits,material,Support,,,needs-review,missing-values: Confirmer les valeurs autorisées pour ce produit. (Dimension issue de la source ; aucune valeur confirmée dans le CMS.)
Étiquettes et stickers,etiquettes-produits,Étiquettes produits,adhesif,Adhésif,,,needs-review,missing-values: Confirmer les valeurs autorisées pour ce produit. (Dimension issue de la source ; aucune valeur confirmée dans le CMS.)
Étiquettes et stickers,etiquettes-produits,Étiquettes produits,finish,Finition,,,needs-review,missing-values: Confirmer les valeurs autorisées pour ce produit. (Dimension issue de la source ; aucune valeur confirmée dans le CMS.)
Étiquettes et stickers,etiquettes-produits,Étiquettes produits,pose,Pose,,,needs-review,missing-values: Confirmer les valeurs autorisées pour ce produit. (Dimension issue de la source ; aucune valeur confirmée dans le CMS.)
Étiquettes et stickers,etiquettes-transparentes,Étiquettes transparentes,blanc-de-soutien-eventuel,Blanc de soutien éventuel,,,needs-review,missing-values: Confirmer les valeurs autorisées pour ce produit. (Dimension issue de la source ; aucune valeur confirmée dans le CMS.)
Étiquettes et stickers,etiquettes-transparentes,Étiquettes transparentes,transparence,Transparence,,,needs-review,missing-values: Confirmer les valeurs autorisées pour ce produit. (Dimension issue de la source ; aucune valeur confirmée dans le CMS.)
Étiquettes et stickers,etiquettes-transparentes,Étiquettes transparentes,adhesif,Adhésif,,,needs-review,missing-values: Confirmer les valeurs autorisées pour ce produit. (Dimension issue de la source ; aucune valeur confirmée dans le CMS.)
Étiquettes et stickers,etiquettes-transparentes,Étiquettes transparentes,forme,Forme,,,needs-review,missing-values: Confirmer les valeurs autorisées pour ce produit. (Dimension issue de la source ; aucune valeur confirmée dans le CMS.)
Étiquettes et stickers,etiquettes-transparentes,Étiquettes transparentes,finish,Finition,,,needs-review,missing-values: Confirmer les valeurs autorisées pour ce produit. (Dimension issue de la source ; aucune valeur confirmée dans le CMS.)
Étiquettes et stickers,stickers-personnalises,Stickers personnalisés,forme,Forme,,,needs-review,missing-values: Confirmer les valeurs autorisées pour ce produit. (Dimension issue de la source ; aucune valeur confirmée dans le CMS.)
Étiquettes et stickers,stickers-personnalises,Stickers personnalisés,dimensions,Dimensions,,,needs-review,missing-values: Confirmer si le client peut saisir cette dimension pour ce produit (saisie libre autorisée). (Dimension issue de la source ; aucune valeur confirmée dans le CMS.)
Étiquettes et stickers,stickers-personnalises,Stickers personnalisés,material,Support,,,needs-review,missing-values: Confirmer les valeurs autorisées pour ce produit. (Dimension issue de la source ; aucune valeur confirmée dans le CMS.)
Étiquettes et stickers,stickers-personnalises,Stickers personnalisés,adhesif,Adhésif,,,needs-review,missing-values: Confirmer les valeurs autorisées pour ce produit. (Dimension issue de la source ; aucune valeur confirmée dans le CMS.)
Étiquettes et stickers,stickers-personnalises,Stickers personnalisés,decoupe,Découpe,,,needs-review,missing-values: Confirmer les valeurs autorisées pour ce produit. (Dimension issue de la source ; aucune valeur confirmée dans le CMS.)
Étiquettes et stickers,stickers-personnalises,Stickers personnalisés,finish,Finition,,,needs-review,missing-values: Confirmer les valeurs autorisées pour ce produit. (Dimension issue de la source ; aucune valeur confirmée dans le CMS.)
Étiquettes et stickers,stickers-vitrine,Stickers vitrine,dimensions,Dimensions,,,needs-review,missing-values: Confirmer si le client peut saisir cette dimension pour ce produit (saisie libre autorisée). (Dimension issue de la source ; aucune valeur confirmée dans le CMS.)
Étiquettes et stickers,stickers-vitrine,Stickers vitrine,pose-interieure-exterieure,Pose intérieure/extérieure,,,needs-review,ambiguous-dimension: Confirmer la signification de cette dimension puis ses valeurs autorisées. (Le terme regroupe plusieurs notions : à scinder ou confirmer.)
Étiquettes et stickers,stickers-vitrine,Stickers vitrine,transparence,Transparence,,,needs-review,missing-values: Confirmer les valeurs autorisées pour ce produit. (Dimension issue de la source ; aucune valeur confirmée dans le CMS.)
Étiquettes et stickers,stickers-vitrine,Stickers vitrine,decoupe,Découpe,,,needs-review,missing-values: Confirmer les valeurs autorisées pour ce produit. (Dimension issue de la source ; aucune valeur confirmée dans le CMS.)
Étiquettes et stickers,stickers-vitrine,Stickers vitrine,duree,Durée,,,needs-review,missing-values: Confirmer les valeurs autorisées pour ce produit. (Dimension issue de la source ; aucune valeur confirmée dans le CMS.)
Goodies & objets publicitaires,accessoires-technologiques,Accessoires technologiques,,,,,needs-review,missing-product-source: Fournir la liste des dimensions techniques de ce produit. (Aucune source de dimensions pour ce produit.)
Goodies & objets publicitaires,cadeaux-affaires,Cadeaux d’affaires,,,,,needs-review,missing-product-source: Fournir la liste des dimensions techniques de ce produit. (Aucune source de dimensions pour ce produit.)
Goodies & objets publicitaires,carnets-notebooks,Carnets & notebooks,,,,,needs-review,missing-product-source: Fournir la liste des dimensions techniques de ce produit. (Aucune source de dimensions pour ce produit.)
Goodies & objets publicitaires,casquettes,Casquettes,,,,,needs-review,missing-product-source: Fournir la liste des dimensions techniques de ce produit. (Aucune source de dimensions pour ce produit.)
Goodies & objets publicitaires,cles-usb,Clés USB,,,,,needs-review,missing-product-source: Fournir la liste des dimensions techniques de ce produit. (Aucune source de dimensions pour ce produit.)
Goodies & objets publicitaires,coffrets-personnalises,Coffrets personnalisés,,,,,needs-review,missing-product-source: Fournir la liste des dimensions techniques de ce produit. (Aucune source de dimensions pour ce produit.)
Goodies & objets publicitaires,gourdes-bouteilles,Gourdes & bouteilles,,,,,needs-review,missing-product-source: Fournir la liste des dimensions techniques de ce produit. (Aucune source de dimensions pour ce produit.)
Goodies & objets publicitaires,mugs-tasses,Mugs & tasses,,,,,needs-review,missing-product-source: Fournir la liste des dimensions techniques de ce produit. (Aucune source de dimensions pour ce produit.)
Goodies & objets publicitaires,parapluies,Parapluies,,,,,needs-review,missing-product-source: Fournir la liste des dimensions techniques de ce produit. (Aucune source de dimensions pour ce produit.)
Goodies & objets publicitaires,porte-cles,Porte-clés,,,,,needs-review,missing-product-source: Fournir la liste des dimensions techniques de ce produit. (Aucune source de dimensions pour ce produit.)
Goodies & objets publicitaires,sacs-personnalises,Sacs personnalisés,,,,,needs-review,missing-product-source: Fournir la liste des dimensions techniques de ce produit. (Aucune source de dimensions pour ce produit.)
Goodies & objets publicitaires,stylos-personnalises,Stylos personnalisés,,,,,needs-review,missing-product-source: Fournir la liste des dimensions techniques de ce produit. (Aucune source de dimensions pour ce produit.)
Goodies & objets publicitaires,textile-personnalise,Textile personnalisé,,,,,needs-review,missing-product-source: Fournir la liste des dimensions techniques de ce produit. (Aucune source de dimensions pour ce produit.)
Goodies & objets publicitaires,tote-bags,Tote bags,,,,,needs-review,missing-product-source: Fournir la liste des dimensions techniques de ce produit. (Aucune source de dimensions pour ce produit.)
Goodies & objets publicitaires,tours-de-cou-badges,Tours de cou & badges,,,,,needs-review,missing-product-source: Fournir la liste des dimensions techniques de ce produit. (Aucune source de dimensions pour ce produit.)
Packaging,boites-alimentaires,Boîtes alimentaires,dimensions,Dimensions,,,needs-review,missing-values: Confirmer si le client peut saisir cette dimension pour ce produit (saisie libre autorisée). (Dimension issue de la source ; aucune valeur confirmée dans le CMS.)
Packaging,boites-alimentaires,Boîtes alimentaires,matiere,Matière,,,needs-review,ambiguous-dimension: Confirmer la signification de cette dimension puis ses valeurs autorisées. (Recoupe « Support » sans être garantie équivalente : à confirmer.)
Packaging,boites-alimentaires,Boîtes alimentaires,barriere,Barrière,,,needs-review,missing-values: Confirmer les valeurs autorisées pour ce produit. (Dimension issue de la source ; aucune valeur confirmée dans le CMS.)
Packaging,boites-alimentaires,Boîtes alimentaires,montage,Montage,,,needs-review,missing-values: Confirmer les valeurs autorisées pour ce produit. (Dimension issue de la source ; aucune valeur confirmée dans le CMS.)
Packaging,boites-alimentaires,Boîtes alimentaires,impression,Impression,,,needs-review,"ambiguous-dimension: Confirmer la signification de cette dimension puis ses valeurs autorisées. (Peut désigner le recto-verso, le mode d’impression ou la couleur : à confirmer.)"
Packaging,boites-alimentaires,Boîtes alimentaires,conformite-a-confirmer,Conformité à confirmer,,,needs-review,missing-values: Confirmer les valeurs autorisées pour ce produit. (Dimension issue de la source ; aucune valeur confirmée dans le CMS.)
Packaging,boites-cosmetiques,Boîtes cosmétiques,dimensions,Dimensions,,,needs-review,missing-values: Confirmer si le client peut saisir cette dimension pour ce produit (saisie libre autorisée). (Dimension issue de la source ; aucune valeur confirmée dans le CMS.)
Packaging,boites-cosmetiques,Boîtes cosmétiques,carton,Carton,,,needs-review,ambiguous-dimension: Confirmer la signification de cette dimension puis ses valeurs autorisées. (Peut désigner le support (dimension « Support ») ou la structure d’un emballage : à confirmer.)
Packaging,boites-cosmetiques,Boîtes cosmétiques,calage,Calage,,,needs-review,missing-values: Confirmer les valeurs autorisées pour ce produit. (Dimension issue de la source ; aucune valeur confirmée dans le CMS.)
Packaging,boites-cosmetiques,Boîtes cosmétiques,fenetre,Fenêtre,,,needs-review,missing-values: Confirmer les valeurs autorisées pour ce produit. (Dimension issue de la source ; aucune valeur confirmée dans le CMS.)
Packaging,boites-cosmetiques,Boîtes cosmétiques,finish,Finition,,,needs-review,missing-values: Confirmer les valeurs autorisées pour ce produit. (Dimension issue de la source ; aucune valeur confirmée dans le CMS.)
Packaging,boites-cosmetiques,Boîtes cosmétiques,mentions,Mentions,,,needs-review,missing-values: Confirmer les valeurs autorisées pour ce produit. (Dimension issue de la source ; aucune valeur confirmée dans le CMS.)
Packaging,boites-pharmaceutiques,Boîtes pharmaceutiques,dimensions,Dimensions,,,needs-review,missing-values: Confirmer si le client peut saisir cette dimension pour ce produit (saisie libre autorisée). (Dimension issue de la source ; aucune valeur confirmée dans le CMS.)
Packaging,boites-pharmaceutiques,Boîtes pharmaceutiques,carton,Carton,,,needs-review,ambiguous-dimension: Confirmer la signification de cette dimension puis ses valeurs autorisées. (Peut désigner le support (dimension « Support ») ou la structure d’un emballage : à confirmer.)
Packaging,boites-pharmaceutiques,Boîtes pharmaceutiques,braille-eventuel,Braille éventuel,,,needs-review,missing-values: Confirmer les valeurs autorisées pour ce produit. (Dimension issue de la source ; aucune valeur confirmée dans le CMS.)
Packaging,boites-pharmaceutiques,Boîtes pharmaceutiques,notice,Notice,,,needs-review,missing-values: Confirmer les valeurs autorisées pour ce produit. (Dimension issue de la source ; aucune valeur confirmée dans le CMS.)
Packaging,boites-pharmaceutiques,Boîtes pharmaceutiques,codification,Codification,,,needs-review,missing-values: Confirmer les valeurs autorisées pour ce produit. (Dimension issue de la source ; aucune valeur confirmée dans le CMS.)
Packaging,boites-pharmaceutiques,Boîtes pharmaceutiques,conformite,Conformité,,,needs-review,missing-values: Confirmer les valeurs autorisées pour ce produit. (Dimension issue de la source ; aucune valeur confirmée dans le CMS.)
Packaging,boites-pliantes,Boîtes pliantes,dimensions,Dimensions,,,needs-review,missing-values: Confirmer si le client peut saisir cette dimension pour ce produit (saisie libre autorisée). (Dimension issue de la source ; aucune valeur confirmée dans le CMS.)
Packaging,boites-pliantes,Boîtes pliantes,carton,Carton,,,needs-review,ambiguous-dimension: Confirmer la signification de cette dimension puis ses valeurs autorisées. (Peut désigner le support (dimension « Support ») ou la structure d’un emballage : à confirmer.)
Packaging,boites-pliantes,Boîtes pliantes,decoupe,Découpe,,,needs-review,missing-values: Confirmer les valeurs autorisées pour ce produit. (Dimension issue de la source ; aucune valeur confirmée dans le CMS.)
Packaging,boites-pliantes,Boîtes pliantes,collage,Collage,,,needs-review,missing-values: Confirmer les valeurs autorisées pour ce produit. (Dimension issue de la source ; aucune valeur confirmée dans le CMS.)
Packaging,boites-pliantes,Boîtes pliantes,impression,Impression,,,needs-review,"ambiguous-dimension: Confirmer la signification de cette dimension puis ses valeurs autorisées. (Peut désigner le recto-verso, le mode d’impression ou la couleur : à confirmer.)"
Packaging,boites-pliantes,Boîtes pliantes,finish,Finition,,,needs-review,missing-values: Confirmer les valeurs autorisées pour ce produit. (Dimension issue de la source ; aucune valeur confirmée dans le CMS.)
Packaging,etuis-produits,Étuis produits,dimensions,Dimensions,,,needs-review,missing-values: Confirmer si le client peut saisir cette dimension pour ce produit (saisie libre autorisée). (Dimension issue de la source ; aucune valeur confirmée dans le CMS.)
Packaging,etuis-produits,Étuis produits,carton,Carton,,,needs-review,ambiguous-dimension: Confirmer la signification de cette dimension puis ses valeurs autorisées. (Peut désigner le support (dimension « Support ») ou la structure d’un emballage : à confirmer.)
Packaging,etuis-produits,Étuis produits,fermeture,Fermeture,,,needs-review,missing-values: Confirmer les valeurs autorisées pour ce produit. (Dimension issue de la source ; aucune valeur confirmée dans le CMS.)
Packaging,etuis-produits,Étuis produits,fenetre,Fenêtre,,,needs-review,missing-values: Confirmer les valeurs autorisées pour ce produit. (Dimension issue de la source ; aucune valeur confirmée dans le CMS.)
Packaging,etuis-produits,Étuis produits,impression,Impression,,,needs-review,"ambiguous-dimension: Confirmer la signification de cette dimension puis ses valeurs autorisées. (Peut désigner le recto-verso, le mode d’impression ou la couleur : à confirmer.)"
Packaging,etuis-produits,Étuis produits,finish,Finition,,,needs-review,missing-values: Confirmer les valeurs autorisées pour ce produit. (Dimension issue de la source ; aucune valeur confirmée dans le CMS.)
Packaging,fourreaux,Fourreaux,dimensions,Dimensions,,,needs-review,missing-values: Confirmer si le client peut saisir cette dimension pour ce produit (saisie libre autorisée). (Dimension issue de la source ; aucune valeur confirmée dans le CMS.)
Packaging,fourreaux,Fourreaux,recouvrement,Recouvrement,,,needs-review,missing-values: Confirmer les valeurs autorisées pour ce produit. (Dimension issue de la source ; aucune valeur confirmée dans le CMS.)
Packaging,fourreaux,Fourreaux,carton,Carton,,,needs-review,ambiguous-dimension: Confirmer la signification de cette dimension puis ses valeurs autorisées. (Peut désigner le support (dimension « Support ») ou la structure d’un emballage : à confirmer.)
Packaging,fourreaux,Fourreaux,decoupe,Découpe,,,needs-review,missing-values: Confirmer les valeurs autorisées pour ce produit. (Dimension issue de la source ; aucune valeur confirmée dans le CMS.)
Packaging,fourreaux,Fourreaux,collage,Collage,,,needs-review,missing-values: Confirmer les valeurs autorisées pour ce produit. (Dimension issue de la source ; aucune valeur confirmée dans le CMS.)
Packaging,fourreaux,Fourreaux,finish,Finition,,,needs-review,missing-values: Confirmer les valeurs autorisées pour ce produit. (Dimension issue de la source ; aucune valeur confirmée dans le CMS.)
Packaging,packaging-sur-mesure,Packaging sur mesure,brief,Brief,,,needs-review,missing-values: Confirmer les valeurs autorisées pour ce produit. (Dimension issue de la source ; aucune valeur confirmée dans le CMS.)
Packaging,packaging-sur-mesure,Packaging sur mesure,dimensions,Dimensions,,,needs-review,missing-values: Confirmer si le client peut saisir cette dimension pour ce produit (saisie libre autorisée). (Dimension issue de la source ; aucune valeur confirmée dans le CMS.)
Packaging,packaging-sur-mesure,Packaging sur mesure,prototype,Prototype,,,needs-review,missing-values: Confirmer les valeurs autorisées pour ce produit. (Dimension issue de la source ; aucune valeur confirmée dans le CMS.)
Packaging,packaging-sur-mesure,Packaging sur mesure,matiere,Matière,,,needs-review,ambiguous-dimension: Confirmer la signification de cette dimension puis ses valeurs autorisées. (Recoupe « Support » sans être garantie équivalente : à confirmer.)
Packaging,packaging-sur-mesure,Packaging sur mesure,decoupe,Découpe,,,needs-review,missing-values: Confirmer les valeurs autorisées pour ce produit. (Dimension issue de la source ; aucune valeur confirmée dans le CMS.)
Packaging,packaging-sur-mesure,Packaging sur mesure,assemblage,Assemblage,,,needs-review,missing-values: Confirmer les valeurs autorisées pour ce produit. (Dimension issue de la source ; aucune valeur confirmée dans le CMS.)
Packaging,papier-d-emballage,Papier d’emballage,format,Format,,,needs-review,missing-values: Confirmer les valeurs autorisées pour ce produit. (Dimension issue de la source ; aucune valeur confirmée dans le CMS.)
Packaging,papier-d-emballage,Papier d’emballage,papier,Papier,,,needs-review,ambiguous-dimension: Confirmer la signification de cette dimension puis ses valeurs autorisées. (Peut désigner le support (dimension « Support ») ou un papier intérieur : à confirmer.)
Packaging,papier-d-emballage,Papier d’emballage,repetition-du-motif,Répétition du motif,,,needs-review,missing-values: Confirmer les valeurs autorisées pour ce produit. (Dimension issue de la source ; aucune valeur confirmée dans le CMS.)
Packaging,papier-d-emballage,Papier d’emballage,couleur,Couleur,,,needs-review,ambiguous-dimension: Confirmer la signification de cette dimension puis ses valeurs autorisées. (Peut désigner le mode colorimétrique ou les couleurs d’un produit : à confirmer.)
Packaging,papier-d-emballage,Papier d’emballage,quantity,Quantité,,,needs-review,missing-values: Confirmer les valeurs autorisées pour ce produit. (Dimension issue de la source ; aucune valeur confirmée dans le CMS.)
Packaging,pochettes,Pochettes,format,Format,,,needs-review,missing-values: Confirmer les valeurs autorisées pour ce produit. (Dimension issue de la source ; aucune valeur confirmée dans le CMS.)
Packaging,pochettes,Pochettes,soufflet,Soufflet,,,needs-review,missing-values: Confirmer les valeurs autorisées pour ce produit. (Dimension issue de la source ; aucune valeur confirmée dans le CMS.)
Packaging,pochettes,Pochettes,fermeture,Fermeture,,,needs-review,missing-values: Confirmer les valeurs autorisées pour ce produit. (Dimension issue de la source ; aucune valeur confirmée dans le CMS.)
Packaging,pochettes,Pochettes,material,Support,,,needs-review,missing-values: Confirmer les valeurs autorisées pour ce produit. (Dimension issue de la source ; aucune valeur confirmée dans le CMS.)
Packaging,pochettes,Pochettes,decoupe,Découpe,,,needs-review,missing-values: Confirmer les valeurs autorisées pour ce produit. (Dimension issue de la source ; aucune valeur confirmée dans le CMS.)
Packaging,pochettes,Pochettes,finish,Finition,,,needs-review,missing-values: Confirmer les valeurs autorisées pour ce produit. (Dimension issue de la source ; aucune valeur confirmée dans le CMS.)
Packaging,sacs-en-papier,Sacs en papier,dimensions,Dimensions,,,needs-review,missing-values: Confirmer si le client peut saisir cette dimension pour ce produit (saisie libre autorisée). (Dimension issue de la source ; aucune valeur confirmée dans le CMS.)
Packaging,sacs-en-papier,Sacs en papier,papier,Papier,,,needs-review,ambiguous-dimension: Confirmer la signification de cette dimension puis ses valeurs autorisées. (Peut désigner le support (dimension « Support ») ou un papier intérieur : à confirmer.)
Packaging,sacs-en-papier,Sacs en papier,poignees,Poignées,,,needs-review,missing-values: Confirmer les valeurs autorisées pour ce produit. (Dimension issue de la source ; aucune valeur confirmée dans le CMS.)
Packaging,sacs-en-papier,Sacs en papier,fond,Fond,,,needs-review,missing-values: Confirmer les valeurs autorisées pour ce produit. (Dimension issue de la source ; aucune valeur confirmée dans le CMS.)
Packaging,sacs-en-papier,Sacs en papier,renfort,Renfort,,,needs-review,missing-values: Confirmer les valeurs autorisées pour ce produit. (Dimension issue de la source ; aucune valeur confirmée dans le CMS.)
Packaging,sacs-en-papier,Sacs en papier,impression,Impression,,,needs-review,"ambiguous-dimension: Confirmer la signification de cette dimension puis ses valeurs autorisées. (Peut désigner le recto-verso, le mode d’impression ou la couleur : à confirmer.)"
Papeterie d’entreprise,agendas,Agendas,format,Format,,,needs-review,missing-values: Confirmer les valeurs autorisées pour ce produit. (Dimension issue de la source ; aucune valeur confirmée dans le CMS.)
Papeterie d’entreprise,agendas,Agendas,couverture,Couverture,,,needs-review,missing-values: Confirmer les valeurs autorisées pour ce produit. (Dimension issue de la source ; aucune valeur confirmée dans le CMS.)
Papeterie d’entreprise,agendas,Agendas,mise-en-page,Mise en page,,,needs-review,missing-values: Confirmer les valeurs autorisées pour ce produit. (Dimension issue de la source ; aucune valeur confirmée dans le CMS.)
Papeterie d’entreprise,agendas,Agendas,page-count,Nombre de pages,,,needs-review,missing-values: Confirmer les valeurs autorisées pour ce produit. (Dimension issue de la source ; aucune valeur confirmée dans le CMS.)
Papeterie d’entreprise,agendas,Agendas,reliure,Reliure,,,needs-review,missing-values: Confirmer les valeurs autorisées pour ce produit. (Dimension issue de la source ; aucune valeur confirmée dans le CMS.)
Papeterie d’entreprise,agendas,Agendas,accessoires,Accessoires,,,needs-review,missing-values: Confirmer les valeurs autorisées pour ce produit. (Dimension issue de la source ; aucune valeur confirmée dans le CMS.)
Papeterie d’entreprise,blocs-notes,Blocs-notes,format,Format,,,needs-review,missing-values: Confirmer les valeurs autorisées pour ce produit. (Dimension issue de la source ; aucune valeur confirmée dans le CMS.)
Papeterie d’entreprise,blocs-notes,Blocs-notes,nombre-de-feuilles,Nombre de feuilles,,,needs-review,missing-values: Confirmer les valeurs autorisées pour ce produit. (Dimension issue de la source ; aucune valeur confirmée dans le CMS.)
Papeterie d’entreprise,blocs-notes,Blocs-notes,papier-interieur,Papier intérieur,,,needs-review,missing-values: Confirmer les valeurs autorisées pour ce produit. (Dimension issue de la source ; aucune valeur confirmée dans le CMS.)
Papeterie d’entreprise,blocs-notes,Blocs-notes,dos,Dos,,,needs-review,missing-values: Confirmer les valeurs autorisées pour ce produit. (Dimension issue de la source ; aucune valeur confirmée dans le CMS.)
Papeterie d’entreprise,blocs-notes,Blocs-notes,collage,Collage,,,needs-review,missing-values: Confirmer les valeurs autorisées pour ce produit. (Dimension issue de la source ; aucune valeur confirmée dans le CMS.)
Papeterie d’entreprise,blocs-notes,Blocs-notes,couverture,Couverture,,,needs-review,missing-values: Confirmer les valeurs autorisées pour ce produit. (Dimension issue de la source ; aucune valeur confirmée dans le CMS.)
Papeterie d’entreprise,calendriers,Calendriers,format,Format,,,needs-review,missing-values: Confirmer les valeurs autorisées pour ce produit. (Dimension issue de la source ; aucune valeur confirmée dans le CMS.)
Papeterie d’entreprise,calendriers,Calendriers,periode,Période,,,needs-review,missing-values: Confirmer les valeurs autorisées pour ce produit. (Dimension issue de la source ; aucune valeur confirmée dans le CMS.)
Papeterie d’entreprise,calendriers,Calendriers,material,Support,,,needs-review,missing-values: Confirmer les valeurs autorisées pour ce produit. (Dimension issue de la source ; aucune valeur confirmée dans le CMS.)
Papeterie d’entreprise,calendriers,Calendriers,reliure,Reliure,,,needs-review,missing-values: Confirmer les valeurs autorisées pour ce produit. (Dimension issue de la source ; aucune valeur confirmée dans le CMS.)
Papeterie d’entreprise,calendriers,Calendriers,chevalet,Chevalet,,,needs-review,missing-values: Confirmer les valeurs autorisées pour ce produit. (Dimension issue de la source ; aucune valeur confirmée dans le CMS.)
Papeterie d’entreprise,calendriers,Calendriers,personnalisation,Personnalisation,,,needs-review,missing-values: Confirmer les valeurs autorisées pour ce produit. (Dimension issue de la source ; aucune valeur confirmée dans le CMS.)
Papeterie d’entreprise,carnets-personnalises,Carnets personnalisés,format,Format,,,needs-review,missing-values: Confirmer les valeurs autorisées pour ce produit. (Dimension issue de la source ; aucune valeur confirmée dans le CMS.)
Papeterie d’entreprise,carnets-personnalises,Carnets personnalisés,page-count,Nombre de pages,,,needs-review,missing-values: Confirmer les valeurs autorisées pour ce produit. (Dimension issue de la source ; aucune valeur confirmée dans le CMS.)
Papeterie d’entreprise,carnets-personnalises,Carnets personnalisés,couverture,Couverture,,,needs-review,missing-values: Confirmer les valeurs autorisées pour ce produit. (Dimension issue de la source ; aucune valeur confirmée dans le CMS.)
Papeterie d’entreprise,carnets-personnalises,Carnets personnalisés,interieur,Intérieur,,,needs-review,missing-values: Confirmer les valeurs autorisées pour ce produit. (Dimension issue de la source ; aucune valeur confirmée dans le CMS.)
Papeterie d’entreprise,carnets-personnalises,Carnets personnalisés,reliure,Reliure,,,needs-review,missing-values: Confirmer les valeurs autorisées pour ce produit. (Dimension issue de la source ; aucune valeur confirmée dans le CMS.)
Papeterie d’entreprise,carnets-personnalises,Carnets personnalisés,elastique-eventuel,Élastique éventuel,,,needs-review,missing-values: Confirmer les valeurs autorisées pour ce produit. (Dimension issue de la source ; aucune valeur confirmée dans le CMS.)
Papeterie d’entreprise,cartes-de-visite,Cartes de visite,format,Format,,,needs-review,missing-values: Confirmer les valeurs autorisées pour ce produit. (Dimension issue de la source ; aucune valeur confirmée dans le CMS.)
Papeterie d’entreprise,cartes-de-visite,Cartes de visite,orientation,Orientation,,,needs-review,missing-values: Confirmer les valeurs autorisées pour ce produit. (Dimension issue de la source ; aucune valeur confirmée dans le CMS.)
Papeterie d’entreprise,cartes-de-visite,Cartes de visite,material,Support,,,needs-review,missing-values: Confirmer les valeurs autorisées pour ce produit. (Dimension issue de la source ; aucune valeur confirmée dans le CMS.)
Papeterie d’entreprise,cartes-de-visite,Cartes de visite,grammage,Grammage,,,needs-review,missing-values: Confirmer les valeurs autorisées pour ce produit. (Dimension issue de la source ; aucune valeur confirmée dans le CMS.)
Papeterie d’entreprise,cartes-de-visite,Cartes de visite,print-sides,Impression,,,needs-review,missing-values: Confirmer les valeurs autorisées pour ce produit. (Dimension issue de la source ; aucune valeur confirmée dans le CMS.)
Papeterie d’entreprise,cartes-de-visite,Cartes de visite,finish,Finition,,,needs-review,missing-values: Confirmer les valeurs autorisées pour ce produit. (Dimension issue de la source ; aucune valeur confirmée dans le CMS.)
Papeterie d’entreprise,chemises-a-rabats,Chemises à rabats,format-ferme,Format fermé,,,needs-review,missing-values: Confirmer les valeurs autorisées pour ce produit. (Dimension issue de la source ; aucune valeur confirmée dans le CMS.)
Papeterie d’entreprise,chemises-a-rabats,Chemises à rabats,rabats,Rabats,,,needs-review,missing-values: Confirmer les valeurs autorisées pour ce produit. (Dimension issue de la source ; aucune valeur confirmée dans le CMS.)
Papeterie d’entreprise,chemises-a-rabats,Chemises à rabats,encoche-carte,Encoche carte,,,needs-review,missing-values: Confirmer les valeurs autorisées pour ce produit. (Dimension issue de la source ; aucune valeur confirmée dans le CMS.)
Papeterie d’entreprise,chemises-a-rabats,Chemises à rabats,material,Support,,,needs-review,missing-values: Confirmer les valeurs autorisées pour ce produit. (Dimension issue de la source ; aucune valeur confirmée dans le CMS.)
Papeterie d’entreprise,chemises-a-rabats,Chemises à rabats,pelliculage,Pelliculage,,,needs-review,missing-values: Confirmer les valeurs autorisées pour ce produit. (Dimension issue de la source ; aucune valeur confirmée dans le CMS.)
Papeterie d’entreprise,chemises-a-rabats,Chemises à rabats,decoupe,Découpe,,,needs-review,missing-values: Confirmer les valeurs autorisées pour ce produit. (Dimension issue de la source ; aucune valeur confirmée dans le CMS.)
Papeterie d’entreprise,enveloppes,Enveloppes,format,Format,,,needs-review,missing-values: Confirmer les valeurs autorisées pour ce produit. (Dimension issue de la source ; aucune valeur confirmée dans le CMS.)
Papeterie d’entreprise,enveloppes,Enveloppes,fenetre,Fenêtre,,,needs-review,missing-values: Confirmer les valeurs autorisées pour ce produit. (Dimension issue de la source ; aucune valeur confirmée dans le CMS.)
Papeterie d’entreprise,enveloppes,Enveloppes,fermeture,Fermeture,,,needs-review,missing-values: Confirmer les valeurs autorisées pour ce produit. (Dimension issue de la source ; aucune valeur confirmée dans le CMS.)
Papeterie d’entreprise,enveloppes,Enveloppes,papier,Papier,,,needs-review,ambiguous-dimension: Confirmer la signification de cette dimension puis ses valeurs autorisées. (Peut désigner le support (dimension « Support ») ou un papier intérieur : à confirmer.)
Papeterie d’entreprise,enveloppes,Enveloppes,impression,Impression,,,needs-review,"ambiguous-dimension: Confirmer la signification de cette dimension puis ses valeurs autorisées. (Peut désigner le recto-verso, le mode d’impression ou la couleur : à confirmer.)"
Papeterie d’entreprise,enveloppes,Enveloppes,position-des-elements,Position des éléments,,,needs-review,missing-values: Confirmer les valeurs autorisées pour ce produit. (Dimension issue de la source ; aucune valeur confirmée dans le CMS.)
Papeterie d’entreprise,factures-et-bons,Factures et bons,format,Format,,,needs-review,missing-values: Confirmer les valeurs autorisées pour ce produit. (Dimension issue de la source ; aucune valeur confirmée dans le CMS.)
Papeterie d’entreprise,factures-et-bons,Factures et bons,numerotation,Numérotation,,,needs-review,missing-values: Confirmer les valeurs autorisées pour ce produit. (Dimension issue de la source ; aucune valeur confirmée dans le CMS.)
Papeterie d’entreprise,factures-et-bons,Factures et bons,jeux,Jeux,,,needs-review,missing-values: Confirmer les valeurs autorisées pour ce produit. (Dimension issue de la source ; aucune valeur confirmée dans le CMS.)
Papeterie d’entreprise,factures-et-bons,Factures et bons,autocopiant,Autocopiant,,,needs-review,missing-values: Confirmer les valeurs autorisées pour ce produit. (Dimension issue de la source ; aucune valeur confirmée dans le CMS.)
Papeterie d’entreprise,factures-et-bons,Factures et bons,perforation,Perforation,,,needs-review,missing-values: Confirmer les valeurs autorisées pour ce produit. (Dimension issue de la source ; aucune valeur confirmée dans le CMS.)
Papeterie d’entreprise,factures-et-bons,Factures et bons,reliure,Reliure,,,needs-review,missing-values: Confirmer les valeurs autorisées pour ce produit. (Dimension issue de la source ; aucune valeur confirmée dans le CMS.)
Papeterie d’entreprise,formulaires-autocopiants,Formulaires autocopiants,nombre-de-feuillets,Nombre de feuillets,,,needs-review,missing-values: Confirmer les valeurs autorisées pour ce produit. (Dimension issue de la source ; aucune valeur confirmée dans le CMS.)
Papeterie d’entreprise,formulaires-autocopiants,Formulaires autocopiants,couleurs-de-copies,Couleurs de copies,,,needs-review,missing-values: Confirmer les valeurs autorisées pour ce produit. (Dimension issue de la source ; aucune valeur confirmée dans le CMS.)
Papeterie d’entreprise,formulaires-autocopiants,Formulaires autocopiants,numerotation,Numérotation,,,needs-review,missing-values: Confirmer les valeurs autorisées pour ce produit. (Dimension issue de la source ; aucune valeur confirmée dans le CMS.)
Papeterie d’entreprise,formulaires-autocopiants,Formulaires autocopiants,perforation,Perforation,,,needs-review,missing-values: Confirmer les valeurs autorisées pour ce produit. (Dimension issue de la source ; aucune valeur confirmée dans le CMS.)
Papeterie d’entreprise,formulaires-autocopiants,Formulaires autocopiants,reliure,Reliure,,,needs-review,missing-values: Confirmer les valeurs autorisées pour ce produit. (Dimension issue de la source ; aucune valeur confirmée dans le CMS.)
Papeterie d’entreprise,papier-a-en-tete,Papier à en-tête,format,Format,,,needs-review,missing-values: Confirmer les valeurs autorisées pour ce produit. (Dimension issue de la source ; aucune valeur confirmée dans le CMS.)
Papeterie d’entreprise,papier-a-en-tete,Papier à en-tête,papier,Papier,,,needs-review,ambiguous-dimension: Confirmer la signification de cette dimension puis ses valeurs autorisées. (Peut désigner le support (dimension « Support ») ou un papier intérieur : à confirmer.)
Papeterie d’entreprise,papier-a-en-tete,Papier à en-tête,grammage,Grammage,,,needs-review,missing-values: Confirmer les valeurs autorisées pour ce produit. (Dimension issue de la source ; aucune valeur confirmée dans le CMS.)
Papeterie d’entreprise,papier-a-en-tete,Papier à en-tête,impression,Impression,,,needs-review,"ambiguous-dimension: Confirmer la signification de cette dimension puis ses valeurs autorisées. (Peut désigner le recto-verso, le mode d’impression ou la couleur : à confirmer.)"
Papeterie d’entreprise,papier-a-en-tete,Papier à en-tête,marges,Marges,,,needs-review,missing-values: Confirmer les valeurs autorisées pour ce produit. (Dimension issue de la source ; aucune valeur confirmée dans le CMS.)
Papeterie d’entreprise,papier-a-en-tete,Papier à en-tête,compatibilite-imprimante,Compatibilité imprimante,,,needs-review,missing-values: Confirmer les valeurs autorisées pour ce produit. (Dimension issue de la source ; aucune valeur confirmée dans le CMS.)
PLV et supports de vente,chevalets,Chevalets,format,Format,,,needs-review,missing-values: Confirmer les valeurs autorisées pour ce produit. (Dimension issue de la source ; aucune valeur confirmée dans le CMS.)
PLV et supports de vente,chevalets,Chevalets,inclinaison,Inclinaison,,,needs-review,missing-values: Confirmer les valeurs autorisées pour ce produit. (Dimension issue de la source ; aucune valeur confirmée dans le CMS.)
PLV et supports de vente,chevalets,Chevalets,material,Support,,,needs-review,missing-values: Confirmer les valeurs autorisées pour ce produit. (Dimension issue de la source ; aucune valeur confirmée dans le CMS.)
PLV et supports de vente,chevalets,Chevalets,pli,Pli,,,needs-review,missing-values: Confirmer les valeurs autorisées pour ce produit. (Dimension issue de la source ; aucune valeur confirmée dans le CMS.)
PLV et supports de vente,chevalets,Chevalets,usage,Usage,,,needs-review,missing-values: Confirmer les valeurs autorisées pour ce produit. (Dimension issue de la source ; aucune valeur confirmée dans le CMS.)
PLV et supports de vente,displays,Displays,dimensions,Dimensions,,,needs-review,missing-values: Confirmer si le client peut saisir cette dimension pour ce produit (saisie libre autorisée). (Dimension issue de la source ; aucune valeur confirmée dans le CMS.)
PLV et supports de vente,displays,Displays,nombre-de-produits,Nombre de produits,,,needs-review,missing-values: Confirmer les valeurs autorisées pour ce produit. (Dimension issue de la source ; aucune valeur confirmée dans le CMS.)
PLV et supports de vente,displays,Displays,matiere,Matière,,,needs-review,ambiguous-dimension: Confirmer la signification de cette dimension puis ses valeurs autorisées. (Recoupe « Support » sans être garantie équivalente : à confirmer.)
PLV et supports de vente,displays,Displays,montage,Montage,,,needs-review,missing-values: Confirmer les valeurs autorisées pour ce produit. (Dimension issue de la source ; aucune valeur confirmée dans le CMS.)
PLV et supports de vente,displays,Displays,transport,Transport,,,needs-review,missing-values: Confirmer les valeurs autorisées pour ce produit. (Dimension issue de la source ; aucune valeur confirmée dans le CMS.)
PLV et supports de vente,frontons,Frontons,dimensions,Dimensions,,,needs-review,missing-values: Confirmer si le client peut saisir cette dimension pour ce produit (saisie libre autorisée). (Dimension issue de la source ; aucune valeur confirmée dans le CMS.)
PLV et supports de vente,frontons,Frontons,fixation,Fixation,,,needs-review,missing-values: Confirmer les valeurs autorisées pour ce produit. (Dimension issue de la source ; aucune valeur confirmée dans le CMS.)
PLV et supports de vente,frontons,Frontons,material,Support,,,needs-review,missing-values: Confirmer les valeurs autorisées pour ce produit. (Dimension issue de la source ; aucune valeur confirmée dans le CMS.)
PLV et supports de vente,frontons,Frontons,visibilite,Visibilité,,,needs-review,missing-values: Confirmer les valeurs autorisées pour ce produit. (Dimension issue de la source ; aucune valeur confirmée dans le CMS.)
PLV et supports de vente,frontons,Frontons,eclairage-eventuel,Éclairage éventuel,,,needs-review,missing-values: Confirmer les valeurs autorisées pour ce produit. (Dimension issue de la source ; aucune valeur confirmée dans le CMS.)
PLV et supports de vente,habillage-de-lineaires,Habillage de linéaires,mesures,Mesures,,,needs-review,ambiguous-dimension: Confirmer la signification de cette dimension puis ses valeurs autorisées. (Recoupe « Dimensions » sans être garantie équivalente : à confirmer.)
PLV et supports de vente,habillage-de-lineaires,Habillage de linéaires,material,Support,,,needs-review,missing-values: Confirmer les valeurs autorisées pour ce produit. (Dimension issue de la source ; aucune valeur confirmée dans le CMS.)
PLV et supports de vente,habillage-de-lineaires,Habillage de linéaires,fixation,Fixation,,,needs-review,missing-values: Confirmer les valeurs autorisées pour ce produit. (Dimension issue de la source ; aucune valeur confirmée dans le CMS.)
PLV et supports de vente,habillage-de-lineaires,Habillage de linéaires,plan-de-pose,Plan de pose,,,needs-review,missing-values: Confirmer les valeurs autorisées pour ce produit. (Dimension issue de la source ; aucune valeur confirmée dans le CMS.)
PLV et supports de vente,habillage-de-lineaires,Habillage de linéaires,declinaisons,Déclinaisons,,,needs-review,missing-values: Confirmer les valeurs autorisées pour ce produit. (Dimension issue de la source ; aucune valeur confirmée dans le CMS.)
PLV et supports de vente,kakemonos,Kakémonos,dimensions,Dimensions,,,needs-review,missing-values: Confirmer si le client peut saisir cette dimension pour ce produit (saisie libre autorisée). (Dimension issue de la source ; aucune valeur confirmée dans le CMS.)
PLV et supports de vente,kakemonos,Kakémonos,matiere,Matière,,,needs-review,ambiguous-dimension: Confirmer la signification de cette dimension puis ses valeurs autorisées. (Recoupe « Support » sans être garantie équivalente : à confirmer.)
PLV et supports de vente,kakemonos,Kakémonos,systeme-d-accroche,Système d’accroche,,,needs-review,missing-values: Confirmer les valeurs autorisées pour ce produit. (Dimension issue de la source ; aucune valeur confirmée dans le CMS.)
PLV et supports de vente,kakemonos,Kakémonos,finish,Finition,,,needs-review,missing-values: Confirmer les valeurs autorisées pour ce produit. (Dimension issue de la source ; aucune valeur confirmée dans le CMS.)
PLV et supports de vente,kakemonos,Kakémonos,transport,Transport,,,needs-review,missing-values: Confirmer les valeurs autorisées pour ce produit. (Dimension issue de la source ; aucune valeur confirmée dans le CMS.)
PLV et supports de vente,presentoirs-de-comptoir,Présentoirs de comptoir,dimensions,Dimensions,,,needs-review,missing-values: Confirmer si le client peut saisir cette dimension pour ce produit (saisie libre autorisée). (Dimension issue de la source ; aucune valeur confirmée dans le CMS.)
PLV et supports de vente,presentoirs-de-comptoir,Présentoirs de comptoir,capacite,Capacité,,,needs-review,missing-values: Confirmer les valeurs autorisées pour ce produit. (Dimension issue de la source ; aucune valeur confirmée dans le CMS.)
PLV et supports de vente,presentoirs-de-comptoir,Présentoirs de comptoir,carton-ou-rigide,Carton ou rigide,,,needs-review,ambiguous-dimension: Confirmer la signification de cette dimension puis ses valeurs autorisées. (Le terme regroupe plusieurs notions : à scinder ou confirmer.)
PLV et supports de vente,presentoirs-de-comptoir,Présentoirs de comptoir,montage,Montage,,,needs-review,missing-values: Confirmer les valeurs autorisées pour ce produit. (Dimension issue de la source ; aucune valeur confirmée dans le CMS.)
PLV et supports de vente,presentoirs-de-comptoir,Présentoirs de comptoir,visuel,Visuel,,,needs-review,missing-values: Confirmer les valeurs autorisées pour ce produit. (Dimension issue de la source ; aucune valeur confirmée dans le CMS.)
PLV et supports de vente,presentoirs-de-sol,Présentoirs de sol,dimensions,Dimensions,,,needs-review,missing-values: Confirmer si le client peut saisir cette dimension pour ce produit (saisie libre autorisée). (Dimension issue de la source ; aucune valeur confirmée dans le CMS.)
PLV et supports de vente,presentoirs-de-sol,Présentoirs de sol,charge,Charge,,,needs-review,missing-values: Confirmer les valeurs autorisées pour ce produit. (Dimension issue de la source ; aucune valeur confirmée dans le CMS.)
PLV et supports de vente,presentoirs-de-sol,Présentoirs de sol,matiere,Matière,,,needs-review,ambiguous-dimension: Confirmer la signification de cette dimension puis ses valeurs autorisées. (Recoupe « Support » sans être garantie équivalente : à confirmer.)
PLV et supports de vente,presentoirs-de-sol,Présentoirs de sol,etageres,Étagères,,,needs-review,missing-values: Confirmer les valeurs autorisées pour ce produit. (Dimension issue de la source ; aucune valeur confirmée dans le CMS.)
PLV et supports de vente,presentoirs-de-sol,Présentoirs de sol,transport,Transport,,,needs-review,missing-values: Confirmer les valeurs autorisées pour ce produit. (Dimension issue de la source ; aucune valeur confirmée dans le CMS.)
PLV et supports de vente,presentoirs-de-sol,Présentoirs de sol,montage,Montage,,,needs-review,missing-values: Confirmer les valeurs autorisées pour ce produit. (Dimension issue de la source ; aucune valeur confirmée dans le CMS.)
PLV et supports de vente,roll-ups,Roll-ups,largeur,Largeur,,,needs-review,missing-values: Confirmer les valeurs autorisées pour ce produit. (Dimension issue de la source ; aucune valeur confirmée dans le CMS.)
PLV et supports de vente,roll-ups,Roll-ups,hauteur,Hauteur,,,needs-review,missing-values: Confirmer les valeurs autorisées pour ce produit. (Dimension issue de la source ; aucune valeur confirmée dans le CMS.)
PLV et supports de vente,roll-ups,Roll-ups,matiere,Matière,,,needs-review,ambiguous-dimension: Confirmer la signification de cette dimension puis ses valeurs autorisées. (Recoupe « Support » sans être garantie équivalente : à confirmer.)
PLV et supports de vente,roll-ups,Roll-ups,structure,Structure,,,needs-review,missing-values: Confirmer les valeurs autorisées pour ce produit. (Dimension issue de la source ; aucune valeur confirmée dans le CMS.)
PLV et supports de vente,roll-ups,Roll-ups,sac,Sac,,,needs-review,missing-values: Confirmer les valeurs autorisées pour ce produit. (Dimension issue de la source ; aucune valeur confirmée dans le CMS.)
PLV et supports de vente,roll-ups,Roll-ups,remplacement-du-visuel,Remplacement du visuel,,,needs-review,missing-values: Confirmer les valeurs autorisées pour ce produit. (Dimension issue de la source ; aucune valeur confirmée dans le CMS.)
PLV et supports de vente,stop-rayons,Stop-rayons,format,Format,,,needs-review,missing-values: Confirmer les valeurs autorisées pour ce produit. (Dimension issue de la source ; aucune valeur confirmée dans le CMS.)
PLV et supports de vente,stop-rayons,Stop-rayons,fixation,Fixation,,,needs-review,missing-values: Confirmer les valeurs autorisées pour ce produit. (Dimension issue de la source ; aucune valeur confirmée dans le CMS.)
PLV et supports de vente,stop-rayons,Stop-rayons,matiere,Matière,,,needs-review,ambiguous-dimension: Confirmer la signification de cette dimension puis ses valeurs autorisées. (Recoupe « Support » sans être garantie équivalente : à confirmer.)
PLV et supports de vente,stop-rayons,Stop-rayons,print-sides,Impression,,,needs-review,missing-values: Confirmer les valeurs autorisées pour ce produit. (Dimension issue de la source ; aucune valeur confirmée dans le CMS.)
PLV et supports de vente,stop-rayons,Stop-rayons,resistance,Résistance,,,needs-review,missing-values: Confirmer les valeurs autorisées pour ce produit. (Dimension issue de la source ; aucune valeur confirmée dans le CMS.)
PLV et supports de vente,totems,Totems,hauteur,Hauteur,,,needs-review,missing-values: Confirmer les valeurs autorisées pour ce produit. (Dimension issue de la source ; aucune valeur confirmée dans le CMS.)
PLV et supports de vente,totems,Totems,base,Base,,,needs-review,missing-values: Confirmer les valeurs autorisées pour ce produit. (Dimension issue de la source ; aucune valeur confirmée dans le CMS.)
PLV et supports de vente,totems,Totems,matiere,Matière,,,needs-review,ambiguous-dimension: Confirmer la signification de cette dimension puis ses valeurs autorisées. (Recoupe « Support » sans être garantie équivalente : à confirmer.)
PLV et supports de vente,totems,Totems,print-sides,Impression,,,needs-review,missing-values: Confirmer les valeurs autorisées pour ce produit. (Dimension issue de la source ; aucune valeur confirmée dans le CMS.)
PLV et supports de vente,totems,Totems,demontage,Démontage,,,needs-review,missing-values: Confirmer les valeurs autorisées pour ce produit. (Dimension issue de la source ; aucune valeur confirmée dans le CMS.)
Signalétique,enseignes,Enseignes,dimensions,Dimensions,,,needs-review,missing-values: Confirmer si le client peut saisir cette dimension pour ce produit (saisie libre autorisée). (Dimension issue de la source ; aucune valeur confirmée dans le CMS.)
Signalétique,enseignes,Enseignes,matiere,Matière,,,needs-review,ambiguous-dimension: Confirmer la signification de cette dimension puis ses valeurs autorisées. (Recoupe « Support » sans être garantie équivalente : à confirmer.)
Signalétique,enseignes,Enseignes,eclairage-eventuel,Éclairage éventuel,,,needs-review,missing-values: Confirmer les valeurs autorisées pour ce produit. (Dimension issue de la source ; aucune valeur confirmée dans le CMS.)
Signalétique,enseignes,Enseignes,fixation,Fixation,,,needs-review,missing-values: Confirmer les valeurs autorisées pour ce produit. (Dimension issue de la source ; aucune valeur confirmée dans le CMS.)
Signalétique,enseignes,Enseignes,autorisation,Autorisation,,,needs-review,missing-values: Confirmer les valeurs autorisées pour ce produit. (Dimension issue de la source ; aucune valeur confirmée dans le CMS.)
Signalétique,marquage-au-sol,Marquage au sol,surface,Surface,,,needs-review,ambiguous-dimension: Confirmer la signification de cette dimension puis ses valeurs autorisées. (Recoupe « Dimensions » ou « Support » : à confirmer.)
Signalétique,marquage-au-sol,Marquage au sol,adhesif,Adhésif,,,needs-review,missing-values: Confirmer les valeurs autorisées pour ce produit. (Dimension issue de la source ; aucune valeur confirmée dans le CMS.)
Signalétique,marquage-au-sol,Marquage au sol,resistance,Résistance,,,needs-review,missing-values: Confirmer les valeurs autorisées pour ce produit. (Dimension issue de la source ; aucune valeur confirmée dans le CMS.)
Signalétique,marquage-au-sol,Marquage au sol,antiderapant,Antidérapant,,,needs-review,missing-values: Confirmer les valeurs autorisées pour ce produit. (Dimension issue de la source ; aucune valeur confirmée dans le CMS.)
Signalétique,marquage-au-sol,Marquage au sol,duree,Durée,,,needs-review,missing-values: Confirmer les valeurs autorisées pour ce produit. (Dimension issue de la source ; aucune valeur confirmée dans le CMS.)
Signalétique,marquage-au-sol,Marquage au sol,retrait,Retrait,,,needs-review,missing-values: Confirmer les valeurs autorisées pour ce produit. (Dimension issue de la source ; aucune valeur confirmée dans le CMS.)
Signalétique,panneaux-de-chantier,Panneaux de chantier,dimensions,Dimensions,,,needs-review,missing-values: Confirmer si le client peut saisir cette dimension pour ce produit (saisie libre autorisée). (Dimension issue de la source ; aucune valeur confirmée dans le CMS.)
Signalétique,panneaux-de-chantier,Panneaux de chantier,matiere,Matière,,,needs-review,ambiguous-dimension: Confirmer la signification de cette dimension puis ses valeurs autorisées. (Recoupe « Support » sans être garantie équivalente : à confirmer.)
Signalétique,panneaux-de-chantier,Panneaux de chantier,structure,Structure,,,needs-review,missing-values: Confirmer les valeurs autorisées pour ce produit. (Dimension issue de la source ; aucune valeur confirmée dans le CMS.)
Signalétique,panneaux-de-chantier,Panneaux de chantier,fixation,Fixation,,,needs-review,missing-values: Confirmer les valeurs autorisées pour ce produit. (Dimension issue de la source ; aucune valeur confirmée dans le CMS.)
Signalétique,panneaux-de-chantier,Panneaux de chantier,exposition,Exposition,,,needs-review,missing-values: Confirmer les valeurs autorisées pour ce produit. (Dimension issue de la source ; aucune valeur confirmée dans le CMS.)
Signalétique,plaques-professionnelles,Plaques professionnelles,dimensions,Dimensions,,,needs-review,missing-values: Confirmer si le client peut saisir cette dimension pour ce produit (saisie libre autorisée). (Dimension issue de la source ; aucune valeur confirmée dans le CMS.)
Signalétique,plaques-professionnelles,Plaques professionnelles,matiere,Matière,,,needs-review,ambiguous-dimension: Confirmer la signification de cette dimension puis ses valeurs autorisées. (Recoupe « Support » sans être garantie équivalente : à confirmer.)
Signalétique,plaques-professionnelles,Plaques professionnelles,fixation,Fixation,,,needs-review,missing-values: Confirmer les valeurs autorisées pour ce produit. (Dimension issue de la source ; aucune valeur confirmée dans le CMS.)
Signalétique,plaques-professionnelles,Plaques professionnelles,gravure-ou-impression,Gravure ou impression,,,needs-review,ambiguous-dimension: Confirmer la signification de cette dimension puis ses valeurs autorisées. (Le terme regroupe plusieurs notions : à scinder ou confirmer.)
Signalétique,plaques-professionnelles,Plaques professionnelles,exterieur,Extérieur,,,needs-review,missing-values: Confirmer les valeurs autorisées pour ce produit. (Dimension issue de la source ; aucune valeur confirmée dans le CMS.)
Signalétique,signaletique-de-securite,Signalétique de sécurité,norme-fournie,Norme fournie,,,needs-review,missing-values: Confirmer les valeurs autorisées pour ce produit. (Dimension issue de la source ; aucune valeur confirmée dans le CMS.)
Signalétique,signaletique-de-securite,Signalétique de sécurité,dimensions,Dimensions,,,needs-review,missing-values: Confirmer si le client peut saisir cette dimension pour ce produit (saisie libre autorisée). (Dimension issue de la source ; aucune valeur confirmée dans le CMS.)
Signalétique,signaletique-de-securite,Signalétique de sécurité,matiere,Matière,,,needs-review,ambiguous-dimension: Confirmer la signification de cette dimension puis ses valeurs autorisées. (Recoupe « Support » sans être garantie équivalente : à confirmer.)
Signalétique,signaletique-de-securite,Signalétique de sécurité,photoluminescence,Photoluminescence,,,needs-review,missing-values: Confirmer les valeurs autorisées pour ce produit. (Dimension issue de la source ; aucune valeur confirmée dans le CMS.)
Signalétique,signaletique-de-securite,Signalétique de sécurité,pose,Pose,,,needs-review,missing-values: Confirmer les valeurs autorisées pour ce produit. (Dimension issue de la source ; aucune valeur confirmée dans le CMS.)
Signalétique,signaletique-directionnelle,Signalétique directionnelle,plan,Plan,,,needs-review,missing-values: Confirmer les valeurs autorisées pour ce produit. (Dimension issue de la source ; aucune valeur confirmée dans le CMS.)
Signalétique,signaletique-directionnelle,Signalétique directionnelle,destinations,Destinations,,,needs-review,missing-values: Confirmer les valeurs autorisées pour ce produit. (Dimension issue de la source ; aucune valeur confirmée dans le CMS.)
Signalétique,signaletique-directionnelle,Signalétique directionnelle,fleches,Flèches,,,needs-review,missing-values: Confirmer les valeurs autorisées pour ce produit. (Dimension issue de la source ; aucune valeur confirmée dans le CMS.)
Signalétique,signaletique-directionnelle,Signalétique directionnelle,hierarchie,Hiérarchie,,,needs-review,missing-values: Confirmer les valeurs autorisées pour ce produit. (Dimension issue de la source ; aucune valeur confirmée dans le CMS.)
Signalétique,signaletique-directionnelle,Signalétique directionnelle,implantation,Implantation,,,needs-review,missing-values: Confirmer les valeurs autorisées pour ce produit. (Dimension issue de la source ; aucune valeur confirmée dans le CMS.)
Signalétique,signaletique-exterieure,Signalétique extérieure,dimensions,Dimensions,,,needs-review,missing-values: Confirmer si le client peut saisir cette dimension pour ce produit (saisie libre autorisée). (Dimension issue de la source ; aucune valeur confirmée dans le CMS.)
Signalétique,signaletique-exterieure,Signalétique extérieure,matiere,Matière,,,needs-review,ambiguous-dimension: Confirmer la signification de cette dimension puis ses valeurs autorisées. (Recoupe « Support » sans être garantie équivalente : à confirmer.)
Signalétique,signaletique-exterieure,Signalétique extérieure,protection,Protection,,,needs-review,missing-values: Confirmer les valeurs autorisées pour ce produit. (Dimension issue de la source ; aucune valeur confirmée dans le CMS.)
Signalétique,signaletique-exterieure,Signalétique extérieure,fixation,Fixation,,,needs-review,missing-values: Confirmer les valeurs autorisées pour ce produit. (Dimension issue de la source ; aucune valeur confirmée dans le CMS.)
Signalétique,signaletique-exterieure,Signalétique extérieure,exposition,Exposition,,,needs-review,missing-values: Confirmer les valeurs autorisées pour ce produit. (Dimension issue de la source ; aucune valeur confirmée dans le CMS.)
Signalétique,signaletique-interieure,Signalétique intérieure,parcours,Parcours,,,needs-review,missing-values: Confirmer les valeurs autorisées pour ce produit. (Dimension issue de la source ; aucune valeur confirmée dans le CMS.)
Signalétique,signaletique-interieure,Signalétique intérieure,nomenclature,Nomenclature,,,needs-review,missing-values: Confirmer les valeurs autorisées pour ce produit. (Dimension issue de la source ; aucune valeur confirmée dans le CMS.)
Signalétique,signaletique-interieure,Signalétique intérieure,material,Support,,,needs-review,missing-values: Confirmer les valeurs autorisées pour ce produit. (Dimension issue de la source ; aucune valeur confirmée dans le CMS.)
Signalétique,signaletique-interieure,Signalétique intérieure,fixation,Fixation,,,needs-review,missing-values: Confirmer les valeurs autorisées pour ce produit. (Dimension issue de la source ; aucune valeur confirmée dans le CMS.)
Signalétique,signaletique-interieure,Signalétique intérieure,accessibilite,Accessibilité,,,needs-review,missing-values: Confirmer les valeurs autorisées pour ce produit. (Dimension issue de la source ; aucune valeur confirmée dans le CMS.)
Signalétique,signaletique-sur-mesure,Signalétique sur mesure,audit-du-parcours,Audit du parcours,,,needs-review,missing-values: Confirmer les valeurs autorisées pour ce produit. (Dimension issue de la source ; aucune valeur confirmée dans le CMS.)
Signalétique,signaletique-sur-mesure,Signalétique sur mesure,nomenclature,Nomenclature,,,needs-review,missing-values: Confirmer les valeurs autorisées pour ce produit. (Dimension issue de la source ; aucune valeur confirmée dans le CMS.)
Signalétique,signaletique-sur-mesure,Signalétique sur mesure,prototype,Prototype,,,needs-review,missing-values: Confirmer les valeurs autorisées pour ce produit. (Dimension issue de la source ; aucune valeur confirmée dans le CMS.)
Signalétique,signaletique-sur-mesure,Signalétique sur mesure,materiaux,Matériaux,,,needs-review,ambiguous-dimension: Confirmer la signification de cette dimension puis ses valeurs autorisées. (Recoupe « Support » sans être garantie équivalente : à confirmer.)
Signalétique,signaletique-sur-mesure,Signalétique sur mesure,plan-de-pose,Plan de pose,,,needs-review,missing-values: Confirmer les valeurs autorisées pour ce produit. (Dimension issue de la source ; aucune valeur confirmée dans le CMS.)
Supports marketing,brochures,Brochures,format,Format,,,needs-review,missing-values: Confirmer les valeurs autorisées pour ce produit. (Dimension issue de la source ; aucune valeur confirmée dans le CMS.)
Supports marketing,brochures,Brochures,page-count,Nombre de pages,,,needs-review,missing-values: Confirmer les valeurs autorisées pour ce produit. (Dimension issue de la source ; aucune valeur confirmée dans le CMS.)
Supports marketing,brochures,Brochures,couverture,Couverture,,,needs-review,missing-values: Confirmer les valeurs autorisées pour ce produit. (Dimension issue de la source ; aucune valeur confirmée dans le CMS.)
Supports marketing,brochures,Brochures,interieur,Intérieur,,,needs-review,missing-values: Confirmer les valeurs autorisées pour ce produit. (Dimension issue de la source ; aucune valeur confirmée dans le CMS.)
Supports marketing,brochures,Brochures,reliure,Reliure,,,needs-review,missing-values: Confirmer les valeurs autorisées pour ce produit. (Dimension issue de la source ; aucune valeur confirmée dans le CMS.)
Supports marketing,brochures,Brochures,finish,Finition,,,needs-review,missing-values: Confirmer les valeurs autorisées pour ce produit. (Dimension issue de la source ; aucune valeur confirmée dans le CMS.)
Supports marketing,cartes-promotionnelles,Cartes promotionnelles,format,Format,,,needs-review,missing-values: Confirmer les valeurs autorisées pour ce produit. (Dimension issue de la source ; aucune valeur confirmée dans le CMS.)
Supports marketing,cartes-promotionnelles,Cartes promotionnelles,material,Support,,,needs-review,missing-values: Confirmer les valeurs autorisées pour ce produit. (Dimension issue de la source ; aucune valeur confirmée dans le CMS.)
Supports marketing,cartes-promotionnelles,Cartes promotionnelles,print-sides,Impression,,,needs-review,missing-values: Confirmer les valeurs autorisées pour ce produit. (Dimension issue de la source ; aucune valeur confirmée dans le CMS.)
Supports marketing,cartes-promotionnelles,Cartes promotionnelles,coins,Coins,,,needs-review,missing-values: Confirmer les valeurs autorisées pour ce produit. (Dimension issue de la source ; aucune valeur confirmée dans le CMS.)
Supports marketing,cartes-promotionnelles,Cartes promotionnelles,finish,Finition,,,needs-review,missing-values: Confirmer les valeurs autorisées pour ce produit. (Dimension issue de la source ; aucune valeur confirmée dans le CMS.)
Supports marketing,cartes-promotionnelles,Cartes promotionnelles,personnalisation,Personnalisation,,,needs-review,missing-values: Confirmer les valeurs autorisées pour ce produit. (Dimension issue de la source ; aucune valeur confirmée dans le CMS.)
Supports marketing,catalogues,Catalogues,format,Format,,,needs-review,missing-values: Confirmer les valeurs autorisées pour ce produit. (Dimension issue de la source ; aucune valeur confirmée dans le CMS.)
Supports marketing,catalogues,Catalogues,page-count,Nombre de pages,,,needs-review,missing-values: Confirmer les valeurs autorisées pour ce produit. (Dimension issue de la source ; aucune valeur confirmée dans le CMS.)
Supports marketing,catalogues,Catalogues,structure,Structure,,,needs-review,missing-values: Confirmer les valeurs autorisées pour ce produit. (Dimension issue de la source ; aucune valeur confirmée dans le CMS.)
Supports marketing,catalogues,Catalogues,couverture,Couverture,,,needs-review,missing-values: Confirmer les valeurs autorisées pour ce produit. (Dimension issue de la source ; aucune valeur confirmée dans le CMS.)
Supports marketing,catalogues,Catalogues,index,Index,,,needs-review,missing-values: Confirmer les valeurs autorisées pour ce produit. (Dimension issue de la source ; aucune valeur confirmée dans le CMS.)
Supports marketing,catalogues,Catalogues,reliure,Reliure,,,needs-review,missing-values: Confirmer les valeurs autorisées pour ce produit. (Dimension issue de la source ; aucune valeur confirmée dans le CMS.)
Supports marketing,coupons,Coupons,format,Format,,,needs-review,missing-values: Confirmer les valeurs autorisées pour ce produit. (Dimension issue de la source ; aucune valeur confirmée dans le CMS.)
Supports marketing,coupons,Coupons,numerotation,Numérotation,,,needs-review,missing-values: Confirmer les valeurs autorisées pour ce produit. (Dimension issue de la source ; aucune valeur confirmée dans le CMS.)
Supports marketing,coupons,Coupons,perforation,Perforation,,,needs-review,missing-values: Confirmer les valeurs autorisées pour ce produit. (Dimension issue de la source ; aucune valeur confirmée dans le CMS.)
Supports marketing,coupons,Coupons,code,Code,,,needs-review,missing-values: Confirmer les valeurs autorisées pour ce produit. (Dimension issue de la source ; aucune valeur confirmée dans le CMS.)
Supports marketing,coupons,Coupons,conditions,Conditions,,,needs-review,missing-values: Confirmer les valeurs autorisées pour ce produit. (Dimension issue de la source ; aucune valeur confirmée dans le CMS.)
Supports marketing,coupons,Coupons,material,Support,,,needs-review,missing-values: Confirmer les valeurs autorisées pour ce produit. (Dimension issue de la source ; aucune valeur confirmée dans le CMS.)
Supports marketing,depliants,Dépliants,format-ouvert,Format ouvert,,,needs-review,missing-values: Confirmer les valeurs autorisées pour ce produit. (Dimension issue de la source ; aucune valeur confirmée dans le CMS.)
Supports marketing,depliants,Dépliants,format-ferme,Format fermé,,,needs-review,missing-values: Confirmer les valeurs autorisées pour ce produit. (Dimension issue de la source ; aucune valeur confirmée dans le CMS.)
Supports marketing,depliants,Dépliants,nombre-de-volets,Nombre de volets,,,needs-review,missing-values: Confirmer les valeurs autorisées pour ce produit. (Dimension issue de la source ; aucune valeur confirmée dans le CMS.)
Supports marketing,depliants,Dépliants,type-de-pli,Type de pli,,,needs-review,missing-values: Confirmer les valeurs autorisées pour ce produit. (Dimension issue de la source ; aucune valeur confirmée dans le CMS.)
Supports marketing,depliants,Dépliants,papier,Papier,,,needs-review,ambiguous-dimension: Confirmer la signification de cette dimension puis ses valeurs autorisées. (Peut désigner le support (dimension « Support ») ou un papier intérieur : à confirmer.)
Supports marketing,fiches-produits,Fiches produits,format,Format,,,needs-review,missing-values: Confirmer les valeurs autorisées pour ce produit. (Dimension issue de la source ; aucune valeur confirmée dans le CMS.)
Supports marketing,fiches-produits,Fiches produits,print-sides,Impression,,,needs-review,missing-values: Confirmer les valeurs autorisées pour ce produit. (Dimension issue de la source ; aucune valeur confirmée dans le CMS.)
Supports marketing,fiches-produits,Fiches produits,papier,Papier,,,needs-review,ambiguous-dimension: Confirmer la signification de cette dimension puis ses valeurs autorisées. (Peut désigner le support (dimension « Support ») ou un papier intérieur : à confirmer.)
Supports marketing,fiches-produits,Fiches produits,perforation,Perforation,,,needs-review,missing-values: Confirmer les valeurs autorisées pour ce produit. (Dimension issue de la source ; aucune valeur confirmée dans le CMS.)
Supports marketing,fiches-produits,Fiches produits,classement,Classement,,,needs-review,missing-values: Confirmer les valeurs autorisées pour ce produit. (Dimension issue de la source ; aucune valeur confirmée dans le CMS.)
Supports marketing,fiches-produits,Fiches produits,versions,Versions,,,needs-review,missing-values: Confirmer les valeurs autorisées pour ce produit. (Dimension issue de la source ; aucune valeur confirmée dans le CMS.)
Supports marketing,flyers,Flyers,format,Format,,,needs-review,missing-values: Confirmer les valeurs autorisées pour ce produit. (Dimension issue de la source ; aucune valeur confirmée dans le CMS.)
Supports marketing,flyers,Flyers,print-sides,Impression,,,needs-review,missing-values: Confirmer les valeurs autorisées pour ce produit. (Dimension issue de la source ; aucune valeur confirmée dans le CMS.)
Supports marketing,flyers,Flyers,papier,Papier,,,needs-review,ambiguous-dimension: Confirmer la signification de cette dimension puis ses valeurs autorisées. (Peut désigner le support (dimension « Support ») ou un papier intérieur : à confirmer.)
Supports marketing,flyers,Flyers,grammage,Grammage,,,needs-review,missing-values: Confirmer les valeurs autorisées pour ce produit. (Dimension issue de la source ; aucune valeur confirmée dans le CMS.)
Supports marketing,flyers,Flyers,quantity,Quantité,,,needs-review,missing-values: Confirmer les valeurs autorisées pour ce produit. (Dimension issue de la source ; aucune valeur confirmée dans le CMS.)
Supports marketing,flyers,Flyers,finish,Finition,,,needs-review,missing-values: Confirmer les valeurs autorisées pour ce produit. (Dimension issue de la source ; aucune valeur confirmée dans le CMS.)
Supports marketing,mailings-imprimes,Mailings imprimés,composition,Composition,,,needs-review,missing-values: Confirmer les valeurs autorisées pour ce produit. (Dimension issue de la source ; aucune valeur confirmée dans le CMS.)
Supports marketing,mailings-imprimes,Mailings imprimés,personnalisation,Personnalisation,,,needs-review,missing-values: Confirmer les valeurs autorisées pour ce produit. (Dimension issue de la source ; aucune valeur confirmée dans le CMS.)
Supports marketing,mailings-imprimes,Mailings imprimés,enveloppe,Enveloppe,,,needs-review,missing-values: Confirmer les valeurs autorisées pour ce produit. (Dimension issue de la source ; aucune valeur confirmée dans le CMS.)
Supports marketing,mailings-imprimes,Mailings imprimés,adressage,Adressage,,,needs-review,missing-values: Confirmer les valeurs autorisées pour ce produit. (Dimension issue de la source ; aucune valeur confirmée dans le CMS.)
Supports marketing,mailings-imprimes,Mailings imprimés,assemblage,Assemblage,,,needs-review,missing-values: Confirmer les valeurs autorisées pour ce produit. (Dimension issue de la source ; aucune valeur confirmée dans le CMS.)
Supports marketing,plaquettes-commerciales,Plaquettes commerciales,format,Format,,,needs-review,missing-values: Confirmer les valeurs autorisées pour ce produit. (Dimension issue de la source ; aucune valeur confirmée dans le CMS.)
Supports marketing,plaquettes-commerciales,Plaquettes commerciales,page-count,Nombre de pages,,,needs-review,missing-values: Confirmer les valeurs autorisées pour ce produit. (Dimension issue de la source ; aucune valeur confirmée dans le CMS.)
Supports marketing,plaquettes-commerciales,Plaquettes commerciales,papier,Papier,,,needs-review,ambiguous-dimension: Confirmer la signification de cette dimension puis ses valeurs autorisées. (Peut désigner le support (dimension « Support ») ou un papier intérieur : à confirmer.)
Supports marketing,plaquettes-commerciales,Plaquettes commerciales,reliure,Reliure,,,needs-review,missing-values: Confirmer les valeurs autorisées pour ce produit. (Dimension issue de la source ; aucune valeur confirmée dans le CMS.)
Supports marketing,plaquettes-commerciales,Plaquettes commerciales,couverture,Couverture,,,needs-review,missing-values: Confirmer les valeurs autorisées pour ce produit. (Dimension issue de la source ; aucune valeur confirmée dans le CMS.)
Supports marketing,plaquettes-commerciales,Plaquettes commerciales,finish,Finition,,,needs-review,missing-values: Confirmer les valeurs autorisées pour ce produit. (Dimension issue de la source ; aucune valeur confirmée dans le CMS.)
Supports marketing,prospectus,Prospectus,format,Format,,,needs-review,missing-values: Confirmer les valeurs autorisées pour ce produit. (Dimension issue de la source ; aucune valeur confirmée dans le CMS.)
Supports marketing,prospectus,Prospectus,pliage,Pliage,,,needs-review,missing-values: Confirmer les valeurs autorisées pour ce produit. (Dimension issue de la source ; aucune valeur confirmée dans le CMS.)
Supports marketing,prospectus,Prospectus,page-count,Nombre de pages,,,needs-review,missing-values: Confirmer les valeurs autorisées pour ce produit. (Dimension issue de la source ; aucune valeur confirmée dans le CMS.)
Supports marketing,prospectus,Prospectus,papier,Papier,,,needs-review,ambiguous-dimension: Confirmer la signification de cette dimension puis ses valeurs autorisées. (Peut désigner le support (dimension « Support ») ou un papier intérieur : à confirmer.)
Supports marketing,prospectus,Prospectus,quantity,Quantité,,,needs-review,missing-values: Confirmer les valeurs autorisées pour ce produit. (Dimension issue de la source ; aucune valeur confirmée dans le CMS.)
Supports marketing,prospectus,Prospectus,zonage,Zonage,,,needs-review,missing-values: Confirmer les valeurs autorisées pour ce produit. (Dimension issue de la source ; aucune valeur confirmée dans le CMS.)
